,Date,RF,NoDur,Durbl,Manuf,Enrgy,HiTec,Telcm,Shops,Hlth,Utils,Other,Mkt-RF
0,1926-07-28,0.0022,0.0121,0.1541,0.0438,-0.0096,0.0267,0.0061,-0.0302,0.0154,0.0682,0.0205,0.0263
1,1926-08-28,0.0025,0.038,0.0343,0.0264,0.0277,0.0242,0.0192,-0.008,0.041,-0.0198,0.0393,0.0252
2,1926-09-28,0.0023,0.0095,0.0471,0.0097,-0.0357,-0.0061,0.0218,-0.0449,0.004,0.0175,-0.0004,0.0002
3,1926-10-28,0.0032,-0.0164,-0.0864,-0.04,-0.0106,-0.0489,-0.0043,-0.0127,-0.0097,-0.0299,-0.0303,-0.031
4,1926-11-28,0.0031,0.0481,-0.0052,0.042,-0.0077,0.0439,0.0132,0.0374,0.0514,0.0366,0.0191,0.0246
5,1926-12-28,0.0028,0.0067,0.0968,0.0308,0.0264,-0.0026,0.0171,0.0256,-0.0013,-0.0062,0.0286,0.0263
6,1927-01-28,0.0025,-0.0094,-0.0113,-0.0032,0.0101,-0.0139,0.0171,-0.034,0.047,-0.0201,0.0154,-0.0008
7,1927-02-28,0.0026,0.0307,0.0863,0.0552,0.0119,0.0391,0.0363,0.0428,0.0139,0.0434,0.0464,0.0426
8,1927-03-28,0.003,0.0243,0.014,0.0116,-0.061,0.0146,0.0526,0.0247,0.0059,0.0014,0.0079,0.0037
9,1927-04-28,0.0025,0.031,0.0294,0.006,-0.0529,0.0512,-0.0238,0.0203,0.0291,0.0139,0.0085,0.0043
10,1927-05-28,0.003,0.0784,0.056,0.0492,0.0444,0.0719,0.0305,0.0036,0.0374,0.0906,0.0581,0.0543
11,1927-06-28,0.0026,-0.0196,-0.0315,-0.0321,-0.0335,0.0287,-0.024,-0.0007,0.0022,-0.0385,-0.0222,-0.023
12,1927-07-28,0.003,0.0465,0.1283,0.1173,0.0257,0.1181,0.0343,0.0921,0.0954,0.051,0.0591,0.0724
13,1927-08-28,0.0028,0.0219,0.0677,0.0184,-0.0019,0.0521,0.0015,0.1256,-0.0017,0.0302,-0.0154,0.0227
14,1927-09-28,0.0021,0.0502,0.0549,0.0476,0.0374,0.0138,0.0183,0.0488,0.0564,0.0805,0.0437,0.0444
15,1927-10-28,0.0025,-0.0099,-0.0468,-0.0703,-0.023,-0.0752,0.0203,-0.0608,0.0473,-0.0461,-0.0412,-0.0419
16,1927-11-28,0.0021,0.0658,0.0621,0.1062,0.0386,0.1043,0.0262,0.106,0.036,0.061,0.0453,0.0673
17,1927-12-28,0.0022,0.0206,0.0754,0.0283,0.0012,0.0093,0.0111,-0.0017,-0.0067,0.0205,0.0164,0.0208
18,1928-01-28,0.0025,0.0032,-0.0359,-0.0073,-0.0209,-0.0065,0.0005,-0.0056,0.0245,0.0562,-0.0128,-0.0052
19,1928-02-28,0.0033,-0.0422,0.0099,-0.0199,-0.0045,-0.0078,-0.0063,-0.0163,-0.0171,-0.0115,-0.023,-0.0168
20,1928-03-28,0.0029,0.0397,0.2734,0.0762,0.0491,0.1881,0.0167,0.085,0.1052,0.0645,0.0524,0.087
21,1928-04-28,0.0022,-0.0062,0.0119,0.0126,0.1465,0.0201,0.03,0.0035,0.0214,0.1067,0.0387,0.0408
22,1928-05-28,0.0032,0.0065,0.0533,0.0343,-0.0554,0.0222,0.063,0.0356,0.0892,0.0126,-0.0002,0.0162
23,1928-06-28,0.0031,-0.0476,-0.043,-0.0547,-0.0438,-0.0538,-0.0578,-0.0418,-0.0348,-0.0373,-0.0473,-0.049
24,1928-07-28,0.0032,0.0144,0.0053,0.0154,0.0073,0.0029,-0.0135,0.0421,0.0236,-0.0152,-0.0041,0.007
25,1928-08-28,0.0032,0.0521,0.0856,0.0801,0.0205,0.0975,0.0423,0.1136,0.1478,0.0597,0.0436,0.0646
26,1928-09-28,0.0027,0.0146,0.0768,0.0392,0.0484,0.0047,-0.0012,0.013,-0.0177,0.0106,0.0189,0.0286
27,1928-10-28,0.0041,0.004,-0.0015,0.0379,0.0157,0.0138,0.0256,0.0392,-0.0049,-0.0035,-0.006,0.0168
28,1928-11-28,0.0038,0.0626,0.0409,0.1279,0.1705,0.1925,0.063,0.1357,0.0468,0.2164,0.0973,0.1166
29,1928-12-28,0.0006,-0.0058,-0.0137,0.0256,-0.0418,0.0708,-0.0044,-0.026,-0.0033,0.0161,0.0033,0.0033
30,1929-01-28,0.0034,0.0294,0.0096,0.1099,-0.0804,0.1017,0.1304,-0.0404,0.0291,0.1338,0.0566,0.0499
31,1929-02-28,0.0036,-0.0264,-0.0056,0.0288,-0.0021,-0.0117,-0.0151,-0.0337,-0.0052,-0.024,-0.0062,-0.0041
32,1929-03-28,0.0034,-0.0505,-0.0192,-0.017,0.1047,0.042,0.0395,-0.0605,-0.0227,-0.036,-0.0223,-0.0114
33,1929-04-28,0.0036,0.0135,-0.0153,0.022,0.005,0.013,0.0303,0.0249,0.012,0.0504,-0.0004,0.0144
34,1929-05-28,0.0044,-0.0441,-0.1543,-0.1026,-0.0594,0.0007,-0.092,-0.0757,-0.0808,0.0513,-0.0093,-0.0598
35,1929-06-28,0.0052,0.0478,0.0639,0.1273,0.0056,0.1653,0.1318,0.0741,0.0361,0.2237,0.0579,0.0942
36,1929-07-28,0.0033,0.0288,-0.0327,0.0398,-0.005,0.0882,0.1336,-0.0005,0.0254,0.1023,0.063,0.0425
37,1929-08-28,0.004,0.0459,0.0284,0.0916,0.1174,0.1196,0.1059,0.0656,0.0363,0.0812,0.0707,0.0801
38,1929-09-28,0.0035,-0.0409,-0.0886,-0.0762,-0.0321,-0.0779,-0.017,-0.0541,-0.0733,0.0134,-0.0627,-0.0525
39,1929-10-28,0.0046,-0.109,-0.2934,-0.199,-0.1036,-0.2825,-0.1587,-0.2467,-0.1848,-0.3102,-0.1238,-0.2011
40,1929-11-28,0.0037,-0.0869,-0.1758,-0.1443,-0.0666,-0.1963,-0.0984,-0.1227,-0.0888,-0.159,-0.1009,-0.126
41,1929-12-28,0.0037,0.0026,0.044,0.0124,-0.0128,0.1061,0.0063,-0.0358,0.0103,0.0833,-0.0093,0.0141
42,1930-01-28,0.0014,0.0556,0.0573,0.0656,-0.0109,0.1029,0.0105,0.0277,0.0211,0.0822,0.0472,0.0545
43,1930-02-28,0.003,0.0208,0.0222,0.0181,-0.0479,0.0731,0.0676,-0.0598,0.0261,0.0809,0.0269,0.0237
44,1930-03-28,0.0035,0.0185,0.1095,0.0688,0.1729,0.0791,0.0875,-0.0201,0.0555,0.0986,0.0443,0.0733
45,1930-04-28,0.0021,0.0037,-0.0798,-0.0773,0.0618,0.0184,-0.0473,0.0162,-0.0019,0.0304,-0.0618,-0.0227
46,1930-05-28,0.0026,0.0121,0.0401,-0.0208,-0.0354,-0.0458,0.002,-0.0109,-0.0148,-0.0122,-0.0136,-0.0155
47,1930-06-28,0.0027,-0.1147,-0.2261,-0.1665,-0.1566,-0.1992,-0.0861,-0.1547,-0.1348,-0.2013,-0.1217,-0.1602
48,1930-07-28,0.002,0.0293,0.1125,0.0457,0.0516,0.0497,0.0107,0.0295,0.0592,0.0159,0.0352,0.0391
49,1930-08-28,0.0009,0.0213,-0.0207,-0.0026,-0.034,0.0107,0.0165,0.0415,0.0799,0.0157,-0.0036,0.0026
50,1930-09-28,0.0022,-0.095,-0.1582,-0.1405,-0.1511,-0.1842,-0.0548,-0.0981,-0.0894,-0.1214,-0.1096,-0.1265
51,1930-10-28,0.0009,-0.0507,-0.1099,-0.0969,-0.0673,-0.1738,-0.042,-0.0872,-0.0194,-0.089,-0.0815,-0.0846
52,1930-11-28,0.0013,0.0002,0.049,-0.0074,-0.0361,-0.0338,-0.0341,0.0272,-0.0588,-0.0821,-0.0527,-0.0275
53,1930-12-28,0.0014,-0.0462,-0.0181,-0.0838,-0.1149,-0.108,-0.0394,-0.1301,-0.0751,-0.0367,-0.0926,-0.0785
54,1931-01-28,0.0015,0.0557,0.0717,0.0327,0.0472,0.0461,0.0464,0.058,0.0757,0.0649,0.1158,0.0608
55,1931-02-28,0.0004,0.0726,0.1608,0.1281,0.0529,0.2271,0.0591,0.1607,0.0877,0.146,0.0542,0.1081
56,1931-03-28,0.0013,-0.0211,-0.0356,-0.0692,-0.145,-0.0767,-0.0371,-0.0442,0.0167,-0.0336,-0.0967,-0.0655
57,1931-04-28,0.0008,-0.0537,-0.0753,-0.1413,-0.1264,-0.1302,-0.0433,-0.0482,-0.0374,-0.1003,-0.0976,-0.0992
58,1931-05-28,0.0009,-0.1138,-0.1509,-0.163,-0.1226,-0.1299,-0.0902,-0.0419,-0.1006,-0.1079,-0.1793,-0.1337
59,1931-06-28,0.0008,0.1078,0.1425,0.1706,0.1602,0.185,0.1012,0.0688,0.095,0.1195,0.1659,0.1368
60,1931-07-28,0.0006,-0.0369,-0.0224,-0.0961,-0.0341,-0.1026,-0.0494,-0.0126,0.0312,-0.0527,-0.0997,-0.0639
61,1931-08-28,0.0003,-0.0105,-0.0282,-0.0093,0.0898,0.037,0.0079,0.0232,0.0,-0.0192,-0.041,0.0005
62,1931-09-28,0.0003,-0.2523,-0.3247,-0.2982,-0.262,-0.3387,-0.2159,-0.286,-0.2999,-0.3309,-0.2604,-0.2903
63,1931-10-28,0.001,0.073,0.1083,0.0631,0.1368,0.1126,0.0426,0.1378,0.1098,0.1035,0.0088,0.0798
64,1931-11-28,0.0017,-0.0465,-0.0315,-0.0844,-0.1064,-0.1426,-0.0701,-0.0897,-0.0264,-0.0471,-0.1858,-0.091
65,1931-12-28,0.0012,-0.0993,-0.0939,-0.1566,-0.179,-0.1345,-0.0805,-0.1371,-0.0422,-0.1358,-0.1695,-0.1357
66,1932-01-28,0.0023,0.0178,-0.066,-0.0052,-0.0457,-0.1231,-0.0427,0.0014,-0.032,-0.0273,0.0673,-0.0128
67,1932-02-28,0.0023,0.0539,0.0225,0.0568,0.0748,0.0655,0.1141,0.0285,0.0253,0.0689,-0.0045,0.0551
68,1932-03-28,0.0016,-0.0627,-0.2061,-0.144,-0.0068,-0.1412,-0.1006,-0.0834,-0.07,-0.0985,-0.1623,-0.1109
69,1932-04-28,0.0011,-0.1191,-0.2619,-0.2316,-0.127,-0.246,-0.125,-0.1491,-0.2002,-0.1571,-0.2233,-0.1811
70,1932-05-28,0.0006,-0.2257,-0.1536,-0.1821,-0.0772,-0.2866,-0.1086,-0.2996,-0.3474,-0.2669,-0.2975,-0.2075
71,1932-06-28,0.0002,0.0198,-0.0832,-0.0485,0.0539,0.0701,-0.0958,-0.0246,0.1046,0.0117,-0.0235,-0.0094
72,1932-07-28,0.0003,0.2807,0.3081,0.3736,0.3372,0.4407,0.1664,0.2726,0.2992,0.2915,0.5561,0.3305
73,1932-08-28,0.0003,0.2227,0.4243,0.4931,0.1745,0.4534,0.2813,0.3453,0.3741,0.4326,0.5806,0.3645
74,1932-09-28,0.0003,-0.0054,0.0803,-0.0224,-0.1136,-0.0566,0.0022,0.0043,-0.1292,-0.047,-0.0414,-0.0313
75,1932-10-28,0.0002,-0.1154,-0.2324,-0.1724,-0.0363,-0.1895,-0.0814,-0.113,-0.1943,-0.1081,-0.174,-0.1306
76,1932-11-28,0.0002,-0.0714,-0.0268,-0.0602,-0.0269,-0.0823,-0.0114,-0.0527,0.0629,-0.0331,-0.073,-0.0549
77,1932-12-28,0.0001,0.0363,0.0344,0.0387,0.0009,0.0762,0.0367,0.0679,0.083,0.0893,0.0452,0.0443
78,1933-01-28,0.0001,0.0462,0.0279,0.0284,-0.0243,0.0143,0.003,-0.0248,-0.0143,-0.0448,0.0873,0.0096
79,1933-02-28,-0.0003,-0.082,-0.2195,-0.154,-0.11,-0.1985,-0.0774,-0.1533,-0.0981,-0.1944,-0.1063,-0.1325
80,1933-03-28,0.0004,0.0935,0.088,0.0915,0.0132,0.071,-0.0587,0.0707,-0.0434,-0.1286,-0.0282,0.0164
81,1933-04-28,0.001,0.3391,0.7387,0.5752,0.3262,0.515,0.1303,0.3678,0.3859,0.2434,0.3024,0.3818
82,1933-05-28,0.0004,0.1184,0.2524,0.2634,0.1734,0.1939,0.1733,0.1657,0.247,0.1932,0.3112,0.2107
83,1933-06-28,0.0002,0.1121,0.1859,0.121,0.1239,0.1071,0.1044,0.1598,0.1082,0.1517,0.144,0.1335
84,1933-07-28,0.0002,-0.0676,-0.066,-0.1131,-0.1158,-0.1102,-0.0437,-0.1367,-0.1946,-0.1359,-0.068,-0.096
85,1933-08-28,0.0003,0.0997,0.1959,0.1617,0.184,0.1278,0.0447,0.0728,-0.0032,-0.0117,0.147,0.1219
86,1933-09-28,0.0002,-0.0729,-0.1528,-0.1029,-0.0223,-0.1717,-0.0357,-0.0866,-0.0271,-0.1997,-0.164,-0.1057
87,1933-10-28,0.0001,-0.0907,-0.0934,-0.0768,-0.0481,-0.0968,-0.0718,-0.0862,-0.0592,-0.0773,-0.1076,-0.0823
88,1933-11-28,0.0002,0.0453,0.2401,0.1272,0.1429,0.1265,0.0558,0.1388,0.0936,-0.0284,0.0545,0.0996
89,1933-12-28,0.0002,-0.0329,0.0918,0.046,-0.0116,0.0141,-0.0377,0.0616,-0.1122,0.016,0.0483,0.0199
90,1934-01-28,0.0005,0.1037,0.1301,0.109,0.0921,0.1576,0.0591,0.2129,0.1623,0.2042,0.1833,0.1292
91,1934-02-28,0.0002,-0.0483,-0.022,-0.0293,-0.0321,-0.0642,0.0213,0.0255,-0.0344,-0.0184,-0.0198,-0.0237
92,1934-03-28,0.0002,0.0112,-0.0058,-0.0132,-0.0147,0.0319,0.0125,0.0332,-0.0077,-0.0182,0.0081,0.0046
93,1934-04-28,0.0001,0.0314,-0.0633,-0.0269,-0.022,-0.0224,-0.0126,-0.0042,0.0832,-0.0384,-0.0155,-0.0181
94,1934-05-28,0.0001,-0.0247,-0.1222,-0.0996,-0.04,-0.0656,-0.043,-0.0724,-0.0027,-0.0777,-0.0721,-0.0708
95,1934-06-28,0.0001,0.0394,-0.0219,0.043,0.0116,0.026,0.0131,0.0214,0.0208,0.0438,0.0322,0.0252
96,1934-07-28,0.0001,-0.0519,-0.1287,-0.1155,-0.1011,-0.1185,-0.0434,-0.0731,-0.0186,-0.1746,-0.1733,-0.1086
97,1934-08-28,0.0001,0.0443,0.0975,0.0763,0.0693,0.065,0.0254,0.0623,-0.0303,0.0189,0.0466,0.0594
98,1934-09-28,0.0001,0.0014,0.0064,-0.0115,-0.0176,-0.003,0.0189,0.0119,0.0064,0.0165,-0.0047,-0.0031
99,1934-10-28,0.0001,0.0038,-0.0162,-0.0033,-0.0546,-0.0097,-0.0158,0.0124,-0.0095,-0.0777,-0.0256,-0.0193
100,1934-11-28,0.0001,0.0851,0.1662,0.1249,0.0761,0.1344,-0.0175,0.1041,0.0382,-0.0026,0.0639,0.0843
101,1934-12-28,0.0001,-0.0091,0.0337,0.0228,0.0062,0.0368,-0.0059,-0.0119,0.0062,-0.0872,-0.0007,0.0039
102,1935-01-28,0.0001,-0.0093,-0.0821,-0.0234,-0.0412,0.0121,-0.0045,-0.0438,-0.0088,-0.0307,-0.0674,-0.0319
103,1935-02-28,0.0002,0.012,-0.0321,-0.0167,-0.0321,0.0018,0.0102,-0.0127,0.0441,-0.1196,-0.0456,-0.0196
104,1935-03-28,0.0001,-0.0501,-0.0539,-0.0486,-0.0375,-0.0412,-0.007,-0.0503,-0.0321,0.1224,-0.0548,-0.0371
105,1935-04-28,0.0001,0.0592,0.0559,0.0894,0.1481,0.1019,0.0913,0.0642,0.0348,0.1097,0.088,0.0893
106,1935-05-28,0.0001,0.0113,0.0277,0.02,0.0371,0.0277,0.0836,0.032,-0.0427,0.1357,0.0361,0.0347
107,1935-06-28,0.0001,0.0561,0.0897,0.064,0.0129,0.0827,0.0534,0.039,0.041,0.0919,0.0613,0.055
108,1935-07-28,0.0001,0.0309,0.1797,0.1064,0.0047,0.0958,0.0573,0.0657,0.0389,0.094,0.0777,0.073
109,1935-08-28,0.0001,-0.0006,0.0809,0.0311,-0.0207,0.0324,0.0405,0.036,0.0011,0.07,0.0324,0.0274
110,1935-09-28,0.0001,0.001,0.1028,0.0416,-0.0322,0.0766,0.0427,-0.0022,0.0131,-0.0148,0.0076,0.0237
111,1935-10-28,0.0001,0.0457,0.1313,0.0575,0.1316,0.0875,0.0308,0.0434,0.061,0.1457,0.0179,0.0698
112,1935-11-28,0.0002,0.0111,0.0336,0.0435,0.0261,0.0577,0.0969,0.0264,0.0167,0.0079,0.1382,0.0517
113,1935-12-28,0.0001,0.0204,0.0544,0.0361,0.1439,0.0336,-0.0019,-0.0085,0.0246,0.0556,0.0427,0.0455
114,1936-01-28,0.0001,0.0309,0.0391,0.0542,0.1282,0.0642,0.0418,-0.0418,0.0359,0.1256,0.1169,0.0657
115,1936-02-28,0.0001,0.0046,0.0355,0.0566,0.0124,0.0027,0.0655,0.0071,0.0322,-0.064,0.0331,0.0259
116,1936-03-28,0.0002,-0.0215,0.0981,0.0256,0.0164,-0.0002,-0.0338,0.0203,0.0377,0.0062,-0.0363,0.0083
117,1936-04-28,0.0002,-0.0444,-0.0982,-0.0892,-0.0898,-0.0871,-0.0567,-0.0404,-0.0903,-0.0834,-0.0728,-0.0784
118,1936-05-28,0.0002,0.0508,0.0378,0.0629,-0.0051,0.0531,0.0627,0.0336,0.0481,0.0952,0.0799,0.0503
119,1936-06-28,0.0003,0.0237,0.0655,0.0134,0.0167,0.0138,0.0255,0.0681,0.0136,0.0366,0.0129,0.0256
120,1936-07-28,0.0001,0.031,0.0471,0.0735,0.0463,0.1193,0.0243,0.0391,0.0491,0.1179,0.1004,0.0632
121,1936-08-28,0.0002,0.0085,-0.0041,0.0165,-0.0071,0.0272,0.0174,0.0315,-0.0149,-0.011,0.0172,0.011
122,1936-09-28,0.0001,-0.0078,0.031,0.0205,0.0106,-0.0129,0.0034,0.0603,0.0071,-0.0221,0.0111,0.0146
123,1936-10-28,0.0002,0.0339,0.0486,0.0757,0.1254,0.0568,0.0506,0.0938,0.0373,0.0575,0.081,0.0695
124,1936-11-28,0.0001,0.0435,-0.0121,0.0549,0.0211,0.0544,0.0387,0.1095,0.0335,-0.0316,0.0065,0.0341
125,1936-12-28,0.0,-0.0129,-0.0686,0.0167,0.0878,0.026,-0.0038,-0.0853,-0.0203,-0.0175,-0.0115,0.0012
126,1937-01-28,0.0001,0.0238,0.0689,0.0466,0.0238,0.0868,-0.0086,0.0056,0.0327,0.0226,0.0119,0.0324
127,1937-02-28,0.0002,0.0128,-0.0041,0.0271,0.0129,-0.014,-0.0307,0.0245,-0.0397,-0.0428,0.0425,0.0131
128,1937-03-28,0.0001,-0.0094,-0.0416,0.0132,0.0334,-0.0446,-0.021,-0.0352,-0.0497,-0.063,0.0231,-0.0047
129,1937-04-28,0.0003,-0.0641,-0.0783,-0.0911,-0.0541,-0.0763,-0.0526,-0.0632,-0.034,-0.0732,-0.0664,-0.0749
130,1937-05-28,0.0006,-0.0047,-0.0192,0.0098,-0.0014,0.0062,0.0135,-0.064,0.0168,-0.0528,-0.0323,-0.009
131,1937-06-28,0.0003,-0.0322,-0.1056,-0.0369,-0.027,-0.014,0.0149,-0.018,-0.0407,-0.0529,-0.0811,-0.0409
132,1937-07-28,0.0003,0.0478,0.1289,0.0909,0.0811,0.0949,0.0323,0.0997,0.041,0.1928,0.0503,0.084
133,1937-08-28,0.0002,-0.0251,-0.0229,-0.0425,-0.0647,-0.0482,-0.0255,-0.0514,0.011,-0.1028,-0.0478,-0.0454
134,1937-09-28,0.0004,-0.0956,-0.1229,-0.1743,-0.1291,-0.1405,-0.0212,-0.1288,-0.1078,-0.1173,-0.1576,-0.1352
135,1937-10-28,0.0002,-0.0688,-0.1283,-0.1385,-0.0684,-0.0724,-0.0538,-0.0637,-0.036,-0.0498,-0.103,-0.095
136,1937-11-28,0.0002,-0.0571,-0.1499,-0.0932,-0.1133,-0.0441,-0.0361,-0.1451,-0.0515,0.0289,-0.0682,-0.0832
137,1937-12-28,0.0,-0.0222,-0.1549,-0.023,-0.0138,-0.0219,-0.0177,-0.0634,-0.0207,-0.1056,-0.0643,-0.0405
138,1938-01-28,0.0,0.0307,0.1077,-0.0126,0.0039,-0.0252,-0.0219,0.0708,0.0335,-0.0561,0.0033,0.0083
139,1938-02-28,0.0,0.0358,0.0317,0.0837,0.0918,0.0418,-0.0233,0.0835,0.0884,0.0361,0.05,0.0575
140,1938-03-28,-0.0001,-0.1615,-0.2651,-0.2554,-0.2479,-0.2771,-0.1742,-0.2058,-0.1436,-0.1935,-0.2948,-0.2361
141,1938-04-28,0.0001,0.1262,0.146,0.1371,0.1506,0.1674,0.1345,0.1552,0.1174,0.1459,0.1435,0.1453
142,1938-05-28,0.0,-0.0006,-0.0696,-0.0689,-0.0567,-0.0301,0.0084,-0.0397,0.0172,0.0234,-0.0401,-0.0388
143,1938-06-28,0.0,0.134,0.3436,0.3286,0.2141,0.2735,0.1239,0.2241,0.0998,0.1674,0.252,0.2354
144,1938-07-28,-0.0001,0.0631,0.1934,0.068,0.072,0.0574,0.0129,0.0988,0.0574,0.0044,0.098,0.0718
145,1938-08-28,0.0,-0.0384,0.0553,-0.0192,-0.087,-0.0111,0.0029,-0.0333,0.0038,-0.0523,-0.0372,-0.0269
146,1938-09-28,0.0002,0.0029,0.0093,0.0175,0.0052,0.0166,0.0099,-0.0069,0.0002,0.0131,-0.0121,0.0086
147,1938-10-28,0.0001,0.0524,0.0629,0.1042,-0.0139,0.1005,0.0338,0.0781,0.0544,0.2091,0.1098,0.0771
148,1938-11-28,-0.0006,-0.0244,-0.0133,-0.0143,0.0014,-0.044,0.0072,-0.0104,0.0152,-0.069,-0.0191,-0.0176
149,1938-12-28,0.0,0.0305,0.0201,0.055,0.0424,0.0312,0.0257,0.0033,0.0087,0.0398,0.0642,0.0404
150,1939-01-28,-0.0001,-0.0203,-0.0784,-0.093,-0.0609,-0.0747,0.0182,-0.0284,-0.0091,0.0131,-0.0878,-0.0596
151,1939-02-28,0.0001,0.0252,0.0685,0.0308,-0.0115,0.0278,0.0352,0.0548,0.0372,0.0873,0.0461,0.0345
152,1939-03-28,-0.0001,-0.0566,-0.1698,-0.1519,-0.0807,-0.1502,-0.0219,-0.0894,-0.0433,-0.1316,-0.1517,-0.1189
153,1939-04-28,0.0,0.0029,0.0065,-0.0137,-0.0103,-0.0265,0.0275,-0.003,0.0099,0.026,-0.0187,-0.0026
154,1939-05-28,0.0001,0.0564,0.0751,0.075,0.0248,0.0823,0.0555,0.1086,0.0546,0.0643,0.0791,0.0685
155,1939-06-28,0.0001,-0.0196,-0.061,-0.062,-0.0735,-0.0801,-0.038,-0.0264,0.012,-0.0348,-0.0752,-0.0531
156,1939-07-28,0.0,0.0604,0.1655,0.128,0.0309,0.1409,0.065,0.09,0.0301,0.1263,0.1226,0.1011
157,1939-08-28,-0.0001,-0.074,-0.0671,-0.0656,-0.0382,-0.0799,-0.0417,-0.0656,-0.0533,-0.0605,-0.1006,-0.0659
158,1939-09-28,0.0001,0.0424,0.2354,0.2694,0.2609,0.1235,0.0234,-0.0001,0.0697,0.0358,0.2585,0.1594
159,1939-10-28,0.0,0.0344,-0.0154,-0.0274,-0.0386,-0.0096,0.0306,0.0617,0.002,0.0217,-0.0157,-0.0042
160,1939-11-28,0.0,-0.0042,-0.0264,-0.0585,-0.0647,-0.0258,0.0093,-0.0263,0.0123,-0.0139,-0.0495,-0.0363
161,1939-12-28,0.0,0.0349,0.033,0.0398,-0.0004,0.0374,0.0293,0.0396,0.0382,0.0296,0.0219,0.0303
162,1940-01-28,0.0,0.0091,-0.0371,-0.0453,-0.0207,-0.0426,-0.0011,-0.0101,-0.0182,-0.0001,-0.0248,-0.0248
163,1940-02-28,0.0,0.0183,0.0193,0.0266,0.0087,-0.0064,0.0105,0.011,0.015,-0.0122,0.0068,0.0143
164,1940-03-28,0.0,0.0177,0.0334,0.015,0.0162,0.0312,0.0116,0.0357,0.0189,0.0167,0.0264,0.019
165,1940-04-28,0.0,0.0165,-0.0014,0.0078,0.0007,-0.014,0.0033,0.0039,-0.0031,-0.015,-0.0075,0.0013
166,1940-05-28,-0.0002,-0.2093,-0.257,-0.2206,-0.2412,-0.2075,-0.1411,-0.2334,-0.2153,-0.1969,-0.2377,-0.22
167,1940-06-28,0.0,0.0521,0.0875,0.0424,0.0533,0.0308,0.0872,0.0794,0.0539,0.173,0.0856,0.0666
168,1940-07-28,0.0001,0.0017,0.0528,0.0428,0.032,0.0499,0.0196,0.048,-0.0054,0.0009,0.0347,0.0322
169,1940-08-28,-0.0001,0.0109,0.0726,0.0242,0.0136,0.0328,-0.0035,0.0246,-0.0228,-0.0101,0.0304,0.0235
170,1940-09-28,0.0,0.0265,0.032,0.0418,-0.0211,0.0416,0.0166,0.0301,0.0464,-0.0254,0.0249,0.0232
171,1940-10-28,0.0,-0.0147,0.0369,0.0403,0.0618,0.0242,0.016,0.0041,-0.0305,0.0433,0.0511,0.0295
172,1940-11-28,0.0,-0.0099,-0.0057,-0.0146,0.0083,-0.0275,0.0061,-0.0179,-0.0183,-0.1303,-0.0025,-0.0166
173,1940-12-28,0.0,0.006,-0.0326,0.0123,0.0246,-0.0007,0.0204,0.0055,-0.002,0.0175,0.0035,0.0071
174,1941-01-28,-0.0001,-0.006,-0.0857,-0.0704,-0.0211,-0.0258,-0.0206,-0.0334,-0.022,-0.0207,-0.0176,-0.0403
175,1941-02-28,-0.0001,-0.0246,0.0109,-0.0208,-0.0068,-0.0037,-0.0223,-0.0403,-0.0471,-0.0115,-0.002,-0.015
176,1941-03-28,0.0001,0.0063,-0.0171,0.0079,0.0335,0.003,0.0173,0.0118,0.0174,-0.0323,0.0198,0.0098
177,1941-04-28,-0.0001,-0.0421,-0.1024,-0.0567,0.0151,-0.0925,-0.0634,-0.0405,-0.0524,-0.0949,-0.0437,-0.0529
178,1941-05-28,0.0,-0.0122,0.0038,0.0371,0.0557,0.001,0.004,0.0274,-0.0141,-0.0456,-0.01,0.0143
179,1941-06-28,0.0,0.0629,0.0376,0.0642,0.0523,0.1058,0.0503,0.0527,0.0668,0.0406,0.0476,0.0582
180,1941-07-28,0.0003,0.0565,0.0379,0.0668,0.1123,0.017,-0.0042,0.0496,0.0798,0.0529,0.0714,0.0583
181,1941-08-28,0.0001,0.009,0.0221,-0.0034,-0.0327,0.0078,0.0105,0.0269,0.0016,-0.0218,0.0017,0.0007
182,1941-09-28,0.0001,0.0172,0.042,-0.0298,-0.0102,-0.008,0.0024,0.0024,-0.0033,-0.0169,-0.0256,-0.0076
183,1941-10-28,0.0,-0.0694,-0.0788,-0.062,0.0275,-0.1025,-0.0272,-0.0495,-0.0368,-0.105,-0.043,-0.0515
184,1941-11-28,0.0,-0.0319,-0.0345,-0.0148,0.0312,-0.0211,-0.0403,-0.0333,-0.0294,-0.0654,-0.0157,-0.0193
185,1941-12-28,0.0001,-0.0425,-0.1126,0.0086,-0.1099,0.0064,-0.086,-0.086,-0.015,-0.0743,-0.0542,-0.0464
186,1942-01-28,0.0002,0.02,0.0477,-0.0226,-0.0157,0.0097,-0.0139,-0.0098,-0.0319,0.0391,0.0932,0.0056
187,1942-02-28,0.0001,-0.0557,0.0647,-0.0249,-0.0576,-0.0252,-0.0059,-0.022,-0.0542,-0.0247,-0.0181,-0.0229
188,1942-03-28,0.0001,-0.0867,0.0141,-0.0558,-0.0793,-0.0629,-0.0693,-0.0816,-0.0554,-0.1214,-0.0892,-0.0659
189,1942-04-28,0.0001,-0.0373,-0.0473,-0.0453,-0.034,-0.0362,-0.0733,-0.054,-0.0448,-0.0327,-0.0205,-0.0432
190,1942-05-28,0.0003,0.0943,0.096,0.0167,0.0655,0.0782,0.0769,0.1179,0.1477,0.0851,0.0345,0.0611
191,1942-06-28,0.0002,0.0332,0.0174,0.0352,0.0424,0.0447,-0.0225,0.0223,0.0283,0.0179,0.0182,0.025
192,1942-07-28,0.0003,0.0231,0.0205,0.0272,0.0588,0.0181,0.0442,0.0425,0.0148,-0.0059,0.0646,0.0345
193,1942-08-28,0.0003,0.0071,0.0233,0.0132,0.0337,0.0069,0.0226,0.0242,0.0218,0.0074,0.0236,0.0185
194,1942-09-28,0.0003,-0.0024,0.0254,0.0313,0.0251,0.0516,0.0207,-0.0015,0.0021,0.0587,0.0336,0.0259
195,1942-10-28,0.0003,0.0473,0.0549,0.0667,0.0943,0.0619,0.0611,0.007,0.0403,0.1505,0.0851,0.0675
196,1942-11-28,0.0003,0.0274,-0.0028,-0.0267,0.0093,0.0196,0.0268,0.0638,0.0156,-0.0115,-0.0185,0.0015
197,1942-12-28,0.0003,0.0464,0.0798,0.0495,0.0743,0.0602,0.0032,0.0223,0.0878,0.043,0.0437,0.049
198,1943-01-28,0.0003,0.0916,0.0523,0.0753,0.0627,0.0987,0.0371,0.0738,0.0223,0.1557,0.0707,0.0747
199,1943-02-28,0.0003,0.0325,0.0755,0.0511,0.0786,0.0343,0.0872,0.0311,0.0375,0.0674,0.0988,0.0596
200,1943-03-28,0.0003,0.0449,0.0473,0.0597,0.0743,0.0743,0.0057,0.088,0.0436,0.0466,0.0941,0.0611
201,1943-04-28,0.0003,0.0093,0.0045,-0.0159,0.0074,0.0113,0.041,0.0172,0.0122,0.039,0.0225,0.0064
202,1943-05-28,0.0003,0.0656,0.0637,0.0526,0.0582,0.0618,0.0451,0.0736,0.05,0.042,0.054,0.0567
203,1943-06-28,0.0003,0.0193,0.0478,0.0085,0.011,0.0234,0.0245,0.0445,0.0041,0.043,-0.008,0.0165
204,1943-07-28,0.0003,-0.0198,-0.0916,-0.067,-0.0299,-0.0741,-0.0013,-0.0236,-0.0311,-0.0044,-0.0518,-0.0463
205,1943-08-28,0.0003,0.0099,0.0322,0.0059,0.0097,0.0045,0.0079,0.0312,0.0026,0.0116,0.017,0.0126
206,1943-09-28,0.0003,0.022,0.0168,0.0258,0.0136,0.0521,0.0146,0.0275,0.0391,0.0373,0.02,0.0238
207,1943-10-28,0.0003,-0.0019,-0.0118,-0.0086,-0.0206,-0.034,0.0068,-0.0333,0.0051,0.0053,-0.0117,-0.0126
208,1943-11-28,0.0003,-0.0468,-0.0498,-0.0629,-0.0674,-0.0649,-0.0177,-0.0422,-0.0403,-0.0829,-0.0783,-0.0584
209,1943-12-28,0.0003,0.0615,0.075,0.0578,0.0752,0.0801,0.0315,0.0598,0.0372,0.0731,0.0702,0.0628
210,1944-01-28,0.0003,0.0373,0.0084,0.0188,0.0049,0.0049,0.0086,0.0161,0.0031,-0.0029,0.0449,0.0177
211,1944-02-28,0.0003,-0.003,0.0367,-0.004,0.0005,-0.0214,0.0084,0.013,-0.0263,0.0152,0.0215,0.0038
212,1944-03-28,0.0002,0.0283,0.0467,0.0219,0.0186,0.0374,0.0069,0.02,0.0246,0.0168,0.0252,0.0239
213,1944-04-28,0.0003,-0.0201,-0.0111,-0.0203,-0.0139,-0.0198,-0.0168,-0.0136,-0.0235,-0.009,-0.024,-0.0176
214,1944-05-28,0.0003,0.0533,0.0749,0.0545,0.0495,0.0359,0.0391,0.0544,0.0562,0.0292,0.044,0.0516
215,1944-06-28,0.0003,0.0547,0.0902,0.0707,0.0049,0.074,0.0321,0.0689,0.0384,0.047,0.0564,0.0564
216,1944-07-28,0.0003,-0.004,-0.0473,-0.0199,-0.0124,-0.0187,-0.0044,-0.0027,-0.0135,0.0031,-0.0084,-0.0153
217,1944-08-28,0.0003,0.0241,0.0383,0.0214,-0.0198,0.0186,0.0062,0.0288,0.0081,0.035,0.004,0.0149
218,1944-09-28,0.0002,-0.0028,0.0071,0.0049,-0.014,-0.0065,0.0023,0.0153,0.0035,-0.015,0.0008,0.0001
219,1944-10-28,0.0003,-0.0013,-0.025,-0.0035,0.0184,0.0086,0.0074,0.0048,0.0115,0.0183,0.0065,0.0025
220,1944-11-28,0.0003,0.015,0.0174,0.008,0.0258,0.0152,0.0066,0.0254,0.0036,-0.0246,0.0426,0.0151
221,1944-12-28,0.0002,0.0205,0.0385,0.0424,0.051,0.0463,0.0071,0.0293,0.0163,0.0496,0.0838,0.0419
222,1945-01-28,0.0003,0.0233,0.0114,0.0264,0.0444,0.0052,-0.0207,-0.0107,0.0038,0.0569,0.007,0.018
223,1945-02-28,0.0002,0.0445,0.0741,0.0688,0.0772,0.0662,0.0285,0.047,0.0438,0.0609,0.0771,0.065
224,1945-03-28,0.0002,-0.0321,-0.0586,-0.0495,-0.0526,-0.0383,-0.0017,-0.0126,-0.0175,-0.0303,-0.0352,-0.0392
225,1945-04-28,0.0003,0.0725,0.1069,0.0855,0.0686,0.0804,0.0249,0.0667,0.0625,0.0982,0.087,0.0775
226,1945-05-28,0.0003,0.0221,0.0084,0.0058,-0.009,0.0173,0.0371,0.0629,0.041,0.0185,0.0305,0.0181
227,1945-06-28,0.0002,0.0072,-0.0162,-0.0006,-0.0051,-0.019,0.0305,-0.0359,-0.0467,0.0477,0.0414,0.0037
228,1945-07-28,0.0003,-0.0152,-0.0089,-0.0294,-0.033,-0.0172,0.0169,-0.0091,-0.0166,-0.0043,-0.0531,-0.0225
229,1945-08-28,0.0003,0.0788,0.0901,0.0854,0.0217,0.0956,0.0165,0.0825,0.0927,0.0115,0.0261,0.0603
230,1945-09-28,0.0003,0.0626,0.0279,0.062,0.0196,0.0338,0.0179,0.0568,0.0654,0.0611,0.0603,0.0477
231,1945-10-28,0.0003,0.0663,0.0026,0.0232,0.0622,0.0072,0.0249,0.0627,0.0636,0.0625,0.056,0.0388
232,1945-11-28,0.0002,0.0365,0.0256,0.0492,0.0835,0.0261,0.0337,0.064,0.086,0.0491,0.0885,0.0544
233,1945-12-28,0.0003,0.0118,0.0234,0.0149,-0.0026,0.0251,0.0045,0.0213,0.0122,-0.0094,0.0009,0.0111
234,1946-01-28,0.0003,0.0466,0.0673,0.0796,-0.0012,0.0649,0.0191,0.1047,0.076,0.1053,0.075,0.0615
235,1946-02-28,0.0003,-0.0477,-0.0889,-0.0612,-0.0473,-0.0745,-0.0288,-0.0403,-0.0418,-0.0551,-0.0625,-0.0579
236,1946-03-28,0.0003,0.0639,0.0107,0.0601,0.1101,0.0195,0.0125,0.1167,0.1477,0.0643,0.0475,0.0592
237,1946-04-28,0.0003,0.0366,0.0144,0.0397,0.0871,0.0144,0.0154,0.0724,0.1479,0.0423,0.0149,0.0403
238,1946-05-28,0.0003,0.0373,0.0499,0.0488,0.0358,0.0506,0.0278,0.0276,0.0557,0.0285,0.0349,0.0413
239,1946-06-28,0.0003,-0.0395,-0.0591,-0.0355,-0.0316,-0.053,0.0039,-0.0787,-0.0552,-0.0284,-0.0337,-0.0394
240,1946-07-28,0.0003,-0.0076,-0.0472,-0.0319,-0.0006,-0.0345,-0.0009,-0.0257,-0.0316,-0.035,-0.0506,-0.0261
241,1946-08-28,0.0003,-0.0526,-0.1021,-0.0667,-0.0564,-0.0686,-0.0695,-0.0477,-0.0316,-0.0554,-0.0665,-0.0644
242,1946-09-28,0.0003,-0.1051,-0.1457,-0.1038,-0.0803,-0.0987,-0.0484,-0.066,-0.0713,-0.0876,-0.1419,-0.1012
243,1946-10-28,0.0003,0.0044,-0.0304,-0.0183,-0.0071,-0.0289,-0.0516,-0.026,-0.003,0.0121,-0.0028,-0.0144
244,1946-11-28,0.0003,-0.0098,-0.012,0.0175,0.0054,-0.0231,0.0178,-0.0474,0.0161,0.0104,0.0041,0.0022
245,1946-12-28,0.0003,0.0397,0.0571,0.0656,0.0431,0.049,0.0371,0.0491,0.0738,0.0603,0.0284,0.0503
246,1947-01-28,0.0003,0.0028,0.1062,0.008,-0.0069,0.0534,0.012,0.0311,-0.0538,-0.0043,0.0042,0.0148
247,1947-02-28,0.0003,-0.0014,0.014,-0.0065,-0.0271,-0.0206,-0.0238,-0.0134,-0.0432,-0.0079,-0.0149,-0.0121
248,1947-03-28,0.0003,-0.0214,-0.0243,-0.0155,0.023,-0.0238,-0.0225,-0.0242,-0.0126,-0.0257,-0.035,-0.0172
249,1947-04-28,0.0003,-0.0655,-0.0404,-0.0566,-0.004,-0.051,-0.0029,-0.0771,-0.0849,-0.0368,-0.0635,-0.0481
250,1947-05-28,0.0003,-0.0042,-0.0203,-0.0212,0.0245,-0.0042,-0.011,-0.0116,-0.0264,-0.0246,-0.018,-0.0104
251,1947-06-28,0.0003,0.0635,0.0596,0.0569,0.0768,0.0381,-0.0324,0.0968,0.0415,0.0393,0.0344,0.0533
252,1947-07-28,0.0003,0.046,0.0503,0.0391,0.0391,0.0631,0.0078,0.044,0.0257,0.0251,0.0587,0.0411
253,1947-08-28,0.0003,-0.0162,-0.0064,-0.0107,-0.0233,-0.0423,0.0033,-0.0355,-0.0376,0.0021,-0.0297,-0.0178
254,1947-09-28,0.0006,0.005,-0.0014,0.0063,-0.0276,0.011,0.0078,-0.0227,-0.0278,-0.0136,-0.0098,-0.0051
255,1947-10-28,0.0006,0.0137,0.0291,0.0321,0.053,0.0128,0.0015,0.0271,0.0116,0.0005,0.0086,0.0241
256,1947-11-28,0.0006,-0.0187,-0.026,-0.0132,-0.0029,-0.0027,-0.0263,-0.0192,-0.031,-0.0745,-0.0194,-0.0187
257,1947-12-28,0.0008,0.0028,0.022,0.0262,0.0889,0.0241,0.0036,0.0002,0.0303,0.0108,0.0365,0.0291
258,1948-01-28,0.0007,-0.0287,-0.0516,-0.0411,-0.0743,-0.0546,0.0003,-0.0262,-0.083,-0.0027,-0.011,-0.0377
259,1948-02-28,0.0007,-0.0613,-0.0553,-0.0541,-0.0304,-0.0413,-0.0113,-0.0402,-0.0357,-0.0365,-0.0421,-0.0443
260,1948-03-28,0.0009,0.0539,0.0701,0.0955,0.0987,0.1101,0.0186,0.0704,0.0625,0.0662,0.0985,0.0817
261,1948-04-28,0.0008,0.0131,0.0106,0.0252,0.1115,-0.0066,0.0257,0.0432,0.0217,0.0108,0.0289,0.0369
262,1948-05-28,0.0008,0.0507,0.1387,0.077,0.0601,0.1264,0.0241,0.0874,0.0655,0.0603,0.0669,0.0737
263,1948-06-28,0.0009,-0.0222,0.003,-0.0098,0.0344,-0.015,0.0033,-0.0108,-0.0229,0.0246,-0.0096,-0.0009
264,1948-07-28,0.0008,-0.0174,-0.0432,-0.0507,-0.0725,-0.067,-0.0173,-0.0759,-0.0433,-0.0442,-0.0503,-0.0512
265,1948-08-28,0.0009,0.0001,0.0094,0.0032,-0.021,0.0297,-0.0003,0.0217,-0.02,0.0,0.014,0.003
266,1948-09-28,0.0004,-0.0414,-0.0375,-0.0269,-0.0451,-0.0321,-0.0027,-0.0097,-0.0312,-0.0095,-0.0331,-0.0298
267,1948-10-28,0.0004,0.0365,0.0765,0.0658,0.0915,0.0678,0.0107,0.0412,0.0448,0.0435,0.0499,0.0594
268,1948-11-28,0.0004,-0.0626,-0.1166,-0.102,-0.1222,-0.0936,-0.021,-0.0455,-0.0517,-0.0913,-0.1047,-0.091
269,1948-12-28,0.0004,0.0055,0.0346,0.0393,0.0469,0.0629,0.0105,0.0137,0.0449,0.026,0.0284,0.0317
270,1949-01-28,0.001,0.0326,0.0244,0.0026,-0.0392,-0.0158,-0.0137,0.0091,0.0448,0.0467,0.0036,0.002
271,1949-02-28,0.0009,-0.0182,-0.0377,-0.0351,-0.0406,-0.0417,-0.0039,-0.032,-0.0103,0.0058,-0.0333,-0.0296
272,1949-03-28,0.001,0.0303,0.0336,0.0348,0.056,0.0571,0.0126,0.041,0.054,0.0366,0.0462,0.0398
273,1949-04-28,0.0009,-0.017,-0.0426,-0.036,0.0117,-0.0382,-0.0174,-0.0169,0.0038,0.0077,-0.0174,-0.019
274,1949-05-28,0.001,-0.0053,-0.0276,-0.0344,-0.0574,-0.0541,-0.0226,0.0104,-0.0218,-0.0035,-0.0279,-0.0283
275,1949-06-28,0.001,0.009,0.012,0.002,-0.0126,0.0002,0.0102,0.0349,0.0205,-0.0103,-0.0128,0.0024
276,1949-07-28,0.0009,0.0497,0.0899,0.057,0.0615,0.0679,0.0232,0.0461,0.0591,0.0444,0.0427,0.0546
277,1949-08-28,0.0009,0.0395,0.0229,0.0205,0.054,0.0068,0.0089,0.0122,0.0009,0.036,0.0157,0.0256
278,1949-09-28,0.0009,0.0263,0.0261,0.0391,0.0294,0.0359,0.0114,0.0207,0.0176,0.0407,0.0324,0.0312
279,1949-10-28,0.0009,0.0145,0.0706,0.0421,0.0361,0.0404,0.0179,0.0028,0.0328,0.0118,0.0247,0.0307
280,1949-11-28,0.0008,0.0186,0.0446,0.0334,-0.0285,0.0314,0.0159,0.0235,0.0399,0.0322,0.0178,0.0184
281,1949-12-28,0.0009,0.0512,0.0801,0.0618,0.01,0.0935,0.0152,0.0455,0.094,0.0391,0.0688,0.0517
282,1950-01-28,0.0009,0.0133,0.0178,0.0183,-0.0074,0.0443,0.0175,-0.0005,0.0078,0.0292,0.0241,0.0154
283,1950-02-28,0.0009,0.0061,0.0304,0.0154,-0.0059,0.0333,0.0058,0.0131,0.0202,0.0231,0.0094,0.0136
284,1950-03-28,0.001,-0.0054,0.0167,0.0066,0.047,0.0233,0.0447,-0.0076,-0.0297,0.0048,-0.0098,0.0112
285,1950-04-28,0.0009,0.0009,0.1019,0.0749,0.0312,0.0466,0.0216,-0.0034,0.0542,0.0087,0.0138,0.0392
286,1950-05-28,0.001,0.0202,0.0628,0.0602,0.0819,0.0012,0.0198,0.0252,0.0384,0.0153,0.0127,0.0419
287,1950-06-28,0.001,-0.059,-0.0404,-0.0685,-0.0412,-0.0804,-0.0438,-0.046,-0.0432,-0.0734,-0.063,-0.0575
288,1950-07-28,0.001,0.002,-0.0273,0.0213,0.0871,-0.03,-0.0141,-0.0081,-0.0704,-0.0525,0.0647,0.015
289,1950-08-28,0.001,0.0386,0.0906,0.0627,0.0421,0.0517,0.0245,0.0395,0.0356,0.032,0.0225,0.0493
290,1950-09-28,0.001,0.0478,0.0854,0.043,0.0344,0.0489,-0.0056,0.0774,0.0607,0.0439,0.0662,0.0478
291,1950-10-28,0.0012,-0.006,0.0053,0.0043,0.0017,-0.016,0.0009,0.0073,-0.0188,-0.0091,-0.0216,-0.0026
292,1950-11-28,0.0011,0.0012,-0.0273,0.0579,0.0518,0.0252,-0.0029,0.0047,0.0456,-0.0125,0.0422,0.0279
293,1950-12-28,0.0011,0.0274,0.013,0.0658,0.0826,0.038,0.0169,0.0276,0.059,0.0349,0.1087,0.0561
294,1951-01-28,0.0013,0.0453,0.0901,0.0603,0.0647,0.0638,0.0175,0.0303,0.0297,0.0484,0.0605,0.0566
295,1951-02-28,0.001,0.0081,0.0272,0.0108,0.0086,0.0204,0.0401,0.0343,0.014,0.0308,-0.0031,0.0141
296,1951-03-28,0.0011,-0.0283,0.0101,-0.0323,-0.0248,-0.01,-0.0121,-0.0196,0.0155,-0.0153,-0.0282,-0.0221
297,1951-04-28,0.0013,0.0085,0.0324,0.0676,0.1066,0.0304,0.0071,0.0011,0.1027,0.0014,0.0353,0.0484
298,1951-05-28,0.0012,-0.0131,-0.054,-0.0222,-0.0312,-0.0289,-0.0053,-0.0179,0.0148,-0.0018,-0.034,-0.0238
299,1951-06-28,0.0012,-0.0373,-0.0681,-0.0405,0.0109,-0.0172,-0.003,-0.0254,0.0069,-0.0053,-0.0504,-0.0264
300,1951-07-28,0.0013,0.0303,0.0286,0.0829,0.1114,0.0553,0.0267,0.025,0.1433,0.0517,0.0729,0.0696
301,1951-08-28,0.0013,0.0341,0.0676,0.0476,0.0561,0.0578,0.0251,0.028,-0.0155,0.0201,0.0323,0.0438
302,1951-09-28,0.0012,-0.0051,0.0249,0.0011,-0.0088,0.0321,-0.0016,0.0303,-0.0194,0.0119,0.0312,0.0078
303,1951-10-28,0.0016,-0.0336,-0.0216,-0.0434,0.0101,-0.065,-0.0124,-0.0308,-0.0613,0.0028,-0.0328,-0.024
304,1951-11-28,0.0011,-0.0019,0.0186,0.003,-0.009,0.0242,0.0038,0.0106,-0.0051,0.0162,0.0205,0.0049
305,1951-12-28,0.0012,0.0185,0.0231,0.0439,0.0461,0.0474,0.0075,-0.0042,0.0494,0.0336,0.0197,0.0338
306,1952-01-28,0.0015,0.0037,-0.0127,-0.0043,0.0644,-0.0177,0.0003,-0.0056,0.0051,0.0293,0.0315,0.0155
307,1952-02-28,0.0012,-0.0214,0.003,-0.0396,-0.0341,-0.0341,-0.0075,-0.0351,-0.0434,0.0055,-0.0182,-0.026
308,1952-03-28,0.0011,0.0153,0.0811,0.0287,0.0845,0.0506,0.0115,0.0202,0.0033,0.0211,0.0579,0.0443
309,1952-04-28,0.0012,-0.0326,-0.0312,-0.0679,-0.0774,-0.0347,-0.0086,-0.0189,-0.0559,-0.0191,-0.0343,-0.0499
310,1952-05-28,0.0013,0.0182,0.0368,0.0409,0.0337,0.0278,0.009,0.0262,0.0238,0.0285,0.0295,0.0313
311,1952-06-28,0.0015,0.0269,0.0524,0.0419,0.053,0.057,0.019,0.0253,-0.0108,0.0095,0.0381,0.0379
312,1952-07-28,0.0015,0.0041,0.024,0.0216,-0.0113,0.0126,0.001,0.0188,-0.0453,0.0196,0.0101,0.0104
313,1952-08-28,0.0015,0.0088,0.0182,-0.0191,-0.0286,-0.0037,0.0074,-0.0021,-0.0072,0.0158,-0.0026,-0.0085
314,1952-09-28,0.0016,-0.0307,-0.0092,-0.023,-0.0451,0.0088,-0.005,-0.0075,-0.0424,0.0017,-0.0155,-0.0208
315,1952-10-28,0.0014,-0.01,0.0105,-0.0164,0.0028,-0.0121,0.0078,-0.0146,-0.0164,0.002,-0.0176,-0.0067
316,1952-11-28,0.001,0.0605,0.0633,0.0864,0.0197,0.0908,0.0397,0.0376,0.0713,0.0512,0.0704,0.058
317,1952-12-28,0.0016,0.012,0.0679,0.0257,0.0439,0.0289,0.0072,0.0161,-0.021,0.0172,0.0353,0.0296
318,1953-01-28,0.0016,0.0209,-0.0054,0.0052,-0.0315,-0.0248,0.0087,0.01,-0.0525,0.0064,0.0071,-0.0033
319,1953-02-28,0.0014,0.0158,-0.0123,-0.0108,0.0019,0.0038,-0.0058,-0.0007,0.0191,0.0048,-0.0056,-0.003
320,1953-03-28,0.0018,-0.0194,-0.0452,-0.0187,-0.0074,-0.0092,-0.006,-0.0171,-0.0034,-0.0003,-0.0133,-0.0151
321,1953-04-28,0.0016,-0.0028,-0.0208,-0.0282,-0.0534,-0.0054,-0.012,-0.0072,-0.055,-0.0311,-0.0339,-0.029
322,1953-05-28,0.0017,0.0003,-0.0016,0.0009,0.0167,0.0096,0.002,0.0122,-0.0021,-0.003,0.0112,0.005
323,1953-06-28,0.0018,-0.01,-0.0348,-0.0243,-0.0023,-0.022,0.0032,-0.0243,-0.035,-0.0298,-0.0214,-0.0181
324,1953-07-28,0.0015,0.0258,0.0061,0.0239,0.0374,0.0216,0.0079,0.0225,0.0351,0.0327,0.0122,0.0237
325,1953-08-28,0.0017,-0.0371,-0.0643,-0.0501,-0.0652,-0.0458,-0.0101,-0.0277,-0.0012,-0.0052,-0.0684,-0.0457
326,1953-09-28,0.0016,0.0011,-0.0094,0.0099,-0.0209,0.0319,0.0161,0.0006,0.0027,0.0149,-0.0109,0.0015
327,1953-10-28,0.0013,0.0057,0.0748,0.0587,0.0551,0.0711,0.0128,0.0043,0.0252,0.0433,0.0351,0.0457
328,1953-11-28,0.0008,0.0029,0.0039,0.0406,0.0191,0.0493,0.0216,0.0281,0.079,0.0292,0.0275,0.0275
329,1953-12-28,0.0013,-0.0076,-0.0133,0.0044,0.0023,0.0054,0.004,0.012,-0.0146,0.0064,-0.0223,-0.0006
330,1954-01-28,0.0011,0.0415,0.0509,0.0441,0.0812,0.0675,0.0178,0.0297,0.0553,0.0226,0.0648,0.0495
331,1954-02-28,0.0007,-0.0048,0.0165,0.0092,0.0316,0.0491,0.0251,0.0041,-0.0017,0.0238,0.0134,0.0185
332,1954-03-28,0.0008,0.0132,0.034,0.0484,0.0424,0.0876,0.0164,0.0042,0.0013,0.0337,0.0151,0.037
333,1954-04-28,0.0009,0.0089,0.0395,0.0563,0.0608,0.0899,0.0187,0.012,0.0114,0.0103,0.0274,0.0417
334,1954-05-28,0.0005,0.0233,0.0438,0.0449,0.0292,-0.0046,0.0119,0.0258,0.0155,0.0211,0.0444,0.0309
335,1954-06-28,0.0006,0.0045,0.0113,0.0345,-0.0592,0.0964,0.0048,0.0212,-0.0251,0.0122,0.0169,0.0108
336,1954-07-28,0.0005,0.0634,0.0973,0.052,0.0419,-0.0054,0.0433,0.0372,0.0822,0.054,0.0654,0.0499
337,1954-08-28,0.0005,-0.0269,-0.0342,-0.0382,0.0047,-0.0472,-0.0149,0.0001,-0.0261,-0.018,-0.0224,-0.023
338,1954-09-28,0.0009,0.0379,0.1424,0.0654,0.0993,0.0634,0.024,0.0429,0.0287,0.0191,0.0413,0.0634
339,1954-10-28,0.0007,-0.0237,-0.0081,-0.0119,-0.0206,-0.0205,-0.0095,-0.0249,-0.0181,-0.0386,0.0049,-0.0169
340,1954-11-28,0.0006,0.0613,0.0435,0.1355,0.0798,0.1314,0.0341,0.097,0.125,0.056,0.1119,0.0954
341,1954-12-28,0.0008,0.0438,0.0712,0.0648,0.0637,0.0287,0.015,0.0088,0.0602,0.0348,0.0905,0.0545
342,1955-01-28,0.0008,0.0013,0.0052,-0.001,0.003,0.0353,0.0072,0.0184,-0.0295,0.0137,0.0067,0.0063
343,1955-02-28,0.0009,0.0145,-0.0112,0.0411,0.0236,0.0435,0.039,0.0131,0.0279,0.0354,0.0368,0.0305
344,1955-03-28,0.001,-0.0093,-0.0004,0.0023,-0.0033,-0.0121,-0.0029,-0.0162,0.0594,-0.008,0.0059,-0.0022
345,1955-04-28,0.001,0.0403,0.0553,0.0422,0.005,0.0525,0.0184,0.0167,-0.0006,0.0236,0.0337,0.0313
346,1955-05-28,0.0014,-0.0038,-0.0126,0.0284,-0.0074,-0.0008,0.0117,0.0232,0.0301,-0.0029,0.0144,0.0105
347,1955-06-28,0.001,0.0242,0.0987,0.0953,0.1106,0.0268,0.006,0.0386,0.0026,0.0165,0.0221,0.0649
348,1955-07-28,0.001,0.0196,0.1934,-0.0127,0.0267,-0.0299,0.025,0.0207,-0.0016,0.0358,-0.0153,0.019
349,1955-08-28,0.0016,-0.008,-0.0437,0.0287,-0.0126,0.0041,-0.0239,0.0143,-0.0001,-0.0011,0.0044,0.0028
350,1955-09-28,0.0016,-0.0187,0.0899,-0.0091,-0.0054,-0.0436,0.0069,0.0299,-0.0333,-0.0283,-0.0285,-0.0038
351,1955-10-28,0.0018,-0.0102,-0.0509,-0.0325,-0.0117,-0.0547,-0.0132,-0.0265,0.0064,-0.0109,-0.0274,-0.0275
352,1955-11-28,0.0017,0.0346,0.0893,0.0783,0.084,0.1024,0.0146,0.0527,0.0611,0.032,0.0804,0.0698
353,1955-12-28,0.0018,0.0106,-0.0422,0.0271,0.0352,0.0473,0.0068,-0.0094,0.0604,-0.0036,-0.007,0.0147
354,1956-01-28,0.0022,-0.0177,-0.069,-0.0479,0.0029,-0.0548,0.0165,-0.0419,-0.0672,-0.0057,-0.0302,-0.0302
355,1956-02-28,0.0019,0.0087,0.0538,0.047,0.0411,0.0597,-0.0003,0.025,0.0808,0.0178,0.0319,0.0377
356,1956-03-28,0.0015,0.0164,0.0356,0.075,0.1129,0.103,0.0127,0.0029,0.0711,0.0359,0.056,0.0666
357,1956-04-28,0.0019,0.0079,-0.0533,0.0082,0.0347,-0.0035,-0.0107,-0.0183,0.0258,-0.0237,0.0081,0.0031
358,1956-05-28,0.0023,-0.0342,-0.0465,-0.0642,-0.0663,-0.0555,-0.0129,-0.0435,-0.0078,-0.0095,-0.056,-0.0519
359,1956-06-28,0.002,0.0036,0.0677,0.0439,0.0236,0.0672,0.0108,0.0196,0.0265,0.0219,0.0126,0.0353
360,1956-07-28,0.0022,0.0181,0.041,0.0585,0.0582,0.0509,0.0237,0.0448,0.0287,0.0502,0.0227,0.0488
361,1956-08-28,0.0017,-0.0153,0.0063,-0.0261,-0.0542,-0.0373,-0.015,-0.0429,-0.0324,-0.0262,-0.0357,-0.0307
362,1956-09-28,0.0018,-0.035,-0.0116,-0.0676,-0.06,-0.0707,-0.0294,-0.0492,-0.0386,-0.0407,-0.0466,-0.0517
363,1956-10-28,0.0025,0.0023,-0.015,0.0111,0.0026,0.03,-0.0165,0.0054,0.0033,0.009,0.0067,0.0047
364,1956-11-28,0.002,0.0006,-0.0359,-0.0087,0.0566,0.01,0.0147,-0.0159,-0.0121,0.0061,0.0062,0.0054
365,1956-12-28,0.0024,0.0029,0.0077,0.0425,0.0332,0.0364,0.0219,-0.0106,0.0551,0.0117,0.0125,0.028
366,1957-01-28,0.0027,0.0151,-0.0641,-0.0616,-0.0439,-0.0591,0.0261,-0.0153,-0.0254,0.0234,-0.0083,-0.034
367,1957-02-28,0.0024,-0.017,-0.0207,-0.0296,-0.0251,-0.0089,0.0009,-0.0117,-0.0059,-0.0052,-0.0285,-0.0208
368,1957-03-28,0.0023,0.0133,0.0028,0.0177,0.0294,0.0454,0.0129,0.0172,0.0804,0.0147,0.0209,0.0214
369,1957-04-28,0.0025,0.0123,0.0767,0.0346,0.0667,0.0813,0.0019,-0.0002,0.0513,0.029,0.0274,0.0425
370,1957-05-28,0.0026,0.011,0.0078,0.0287,0.0734,0.0556,0.0078,0.0221,0.0452,0.0191,0.0115,0.0333
371,1957-06-28,0.0024,-0.0085,-0.0018,0.0012,-0.0197,0.0499,-0.0233,-0.0224,0.0623,-0.0532,-0.012,-0.0082
372,1957-07-28,0.003,0.0109,0.0331,0.0017,0.0071,0.0075,-0.0054,0.023,0.023,-0.0028,0.0054,0.0066
373,1957-08-28,0.0025,-0.0276,-0.0333,-0.0644,-0.0599,-0.0728,-0.0037,-0.0294,-0.0323,-0.0287,-0.0571,-0.0521
374,1957-09-28,0.0026,-0.0135,-0.073,-0.0716,-0.0823,-0.0662,-0.0248,-0.0031,-0.033,-0.0195,-0.0684,-0.0604
375,1957-10-28,0.0029,-0.0251,-0.0421,-0.0503,-0.0606,-0.0206,-0.0239,-0.0377,-0.0097,-0.0098,-0.0707,-0.0444
376,1957-11-28,0.0028,0.0309,-0.0554,0.0308,0.0213,0.0618,0.0121,0.0116,0.083,0.0419,-0.0016,0.0215
377,1957-12-28,0.0024,0.0028,-0.0807,-0.0487,-0.0719,-0.0349,0.0101,-0.0208,-0.0072,0.0225,-0.0456,-0.0404
378,1958-01-28,0.0028,0.0729,0.0463,0.0513,0.013,0.0376,0.0393,0.0784,-0.0069,0.0591,0.1059,0.0473
379,1958-02-28,0.0012,0.019,-0.015,-0.0212,-0.0472,-0.0177,0.0059,0.0141,0.0484,0.0116,-0.0189,-0.0152
380,1958-03-28,0.0009,0.0411,0.0284,0.0148,0.0783,0.0248,0.0108,0.0427,0.0807,0.019,0.0232,0.0326
381,1958-04-28,0.0008,0.0345,0.0488,0.014,0.0506,-0.0017,0.0262,0.0288,0.0649,0.0501,0.0415,0.0296
382,1958-05-28,0.0011,0.0263,0.0465,0.0334,0.0024,0.014,0.0195,0.0345,0.0109,0.013,0.0361,0.0235
383,1958-06-28,0.0003,0.0282,0.0245,0.0231,0.0493,0.0358,0.0168,0.0215,0.0371,0.0217,0.0293,0.0292
384,1958-07-28,0.0007,0.0158,0.0983,0.0838,0.0062,0.0373,0.0083,0.0221,0.0605,0.0106,0.0542,0.0443
385,1958-08-28,0.0004,0.0275,0.0,0.0244,0.0187,0.0198,0.0237,0.0527,0.0195,-0.0099,0.0275,0.0183
386,1958-09-28,0.0019,0.0422,0.0978,0.0435,0.031,0.0601,0.0485,0.0373,0.1154,0.0323,0.0437,0.0474
387,1958-10-28,0.0018,0.022,0.0207,0.0286,0.0125,0.0431,0.0128,0.0187,0.0087,0.0409,0.0326,0.0252
388,1958-11-28,0.0011,0.0407,0.0161,0.0272,0.0172,0.0424,0.0203,0.0543,0.0791,0.0288,0.0462,0.0293
389,1958-12-28,0.0022,0.0258,0.0253,0.0509,0.0102,0.129,0.1305,0.0508,0.0439,0.0564,0.0285,0.0511
390,1959-01-28,0.0021,0.0359,-0.0125,0.0055,0.0031,-0.0244,0.037,0.036,-0.0083,0.0108,0.0167,0.0075
391,1959-02-28,0.0019,0.0265,-0.0212,0.0341,-0.0758,0.0497,0.0452,0.0275,0.0367,0.0105,0.0147,0.0093
392,1959-03-28,0.0022,0.0032,-0.0143,-0.0044,0.0192,0.0212,-0.0051,-0.0217,0.0401,0.0132,-0.0087,0.0027
393,1959-04-28,0.002,0.0403,0.0916,0.0392,0.0151,0.0823,0.0443,0.0154,0.1175,-0.0124,0.015,0.0372
394,1959-05-28,0.0022,-0.0043,0.0493,0.0387,-0.0116,0.0458,-0.0126,0.021,-0.013,-0.013,0.0069,0.0178
395,1959-06-28,0.0025,0.0173,-0.0011,0.0114,-0.0295,-0.0123,-0.0138,0.0145,0.0635,-0.0246,0.0115,-0.0013
396,1959-07-28,0.0025,0.0343,0.0815,0.0339,0.047,0.0019,0.0044,0.0154,0.0448,0.035,0.0035,0.0318
397,1959-08-28,0.0019,-0.0065,0.022,-0.0211,-0.0332,-0.027,0.0042,0.0045,-0.0376,0.0119,-0.0267,-0.0135
398,1959-09-28,0.0031,-0.0364,-0.0487,-0.0526,-0.0721,-0.045,-0.0127,-0.0228,-0.0527,-0.0461,-0.0439,-0.0479
399,1959-10-28,0.003,0.0363,-0.0163,0.0116,0.0087,0.0468,0.01,0.0078,0.0201,0.0057,-0.0031,0.0123
400,1959-11-28,0.0026,0.0101,-0.0035,0.0191,-0.0067,0.0886,-0.0149,0.0162,0.0538,0.0011,-0.006,0.0156
401,1959-12-28,0.0034,0.0086,0.0487,0.0183,0.0388,0.0317,0.0397,0.0229,-0.0199,0.018,0.0162,0.0256
402,1960-01-28,0.0033,-0.037,-0.1132,-0.0875,-0.078,-0.1015,0.0062,-0.0626,-0.0673,-0.0276,-0.0478,-0.0706
403,1960-02-28,0.0029,0.0243,-0.0246,-0.0012,-0.0366,0.0421,0.0808,0.0337,0.0003,0.0282,-0.0015,0.0096
404,1960-03-28,0.0035,-0.0157,-0.047,-0.0368,-0.0122,0.0209,-0.0021,-0.0012,0.0125,0.0142,-0.0266,-0.0156
405,1960-04-28,0.0019,0.0135,-0.0173,-0.0372,-0.0444,0.0031,-0.0124,-0.0047,0.0146,0.012,-0.0117,-0.0174
406,1960-05-28,0.0027,0.0629,-0.0098,0.0339,-0.0374,0.0921,0.0304,0.0255,0.1344,0.0122,0.004,0.0306
407,1960-06-28,0.0024,0.0412,0.0058,0.0153,0.0327,0.0126,-0.0058,0.0405,-0.0038,0.0551,0.0245,0.0207
408,1960-07-28,0.0013,-0.008,-0.0069,-0.0368,-0.0001,-0.0419,-0.0003,-0.0309,-0.0391,-0.0083,-0.0203,-0.0221
409,1960-08-28,0.0017,0.0401,0.0324,0.0095,0.045,0.008,0.0692,0.0285,0.0222,0.0384,0.0295,0.0283
410,1960-09-28,0.0016,-0.0356,-0.0581,-0.072,-0.0114,-0.0885,-0.0606,-0.0843,-0.0889,-0.0463,-0.0566,-0.0597
411,1960-10-28,0.0022,0.0149,-0.0151,-0.0121,0.022,-0.0347,-0.0008,-0.0025,-0.0371,-0.0056,-0.0091,-0.0068
412,1960-11-28,0.0013,0.0865,-0.0081,0.0471,0.0327,0.0688,0.04,0.0643,0.0392,0.036,0.0643,0.0466
413,1960-12-28,0.0016,0.0432,-0.0055,0.0374,0.0515,0.0287,0.1236,0.0216,0.0608,0.0618,0.0397,0.0465
414,1961-01-28,0.0019,0.0525,0.0815,0.065,0.0964,0.0267,0.077,0.0264,0.0584,0.0476,0.0769,0.0626
415,1961-02-28,0.0014,0.0648,0.0385,0.0487,0.0047,0.0256,0.0062,0.0475,0.0507,0.0348,0.0553,0.0357
416,1961-03-28,0.002,0.0466,0.0321,0.014,0.0123,0.0258,0.0723,0.0534,0.0359,0.0184,0.0333,0.0289
417,1961-04-28,0.0017,-0.0146,-0.0186,-0.0151,0.0461,0.0028,0.0062,0.0067,-0.0047,0.0167,0.0003,0.0041
418,1961-05-28,0.0018,0.0349,0.0112,0.0439,-0.0005,0.0269,-0.0121,0.0387,0.0212,0.0215,0.0408,0.0241
419,1961-06-28,0.002,-0.0151,-0.0177,-0.0316,-0.0422,-0.0351,-0.0419,0.0016,-0.0363,-0.0203,-0.0402,-0.0305
420,1961-07-28,0.0018,0.0265,0.0597,0.0233,0.0211,0.0157,0.0625,0.0215,0.0328,0.027,0.0104,0.0289
421,1961-08-28,0.0014,0.0497,0.0122,0.023,0.0001,0.0435,0.0007,0.0298,0.0374,0.0367,0.0526,0.0257
422,1961-09-28,0.0017,-0.0014,0.0449,-0.0463,-0.0654,0.0003,-0.0288,0.0003,-0.0147,0.0124,-0.0195,-0.0204
423,1961-10-28,0.0019,0.0338,0.0029,-0.0038,0.0644,0.0318,0.0001,0.0852,0.033,0.0512,0.0204,0.0252
424,1961-11-28,0.0015,0.0545,0.0946,0.028,0.0529,0.0279,0.0837,0.0462,0.0313,0.0327,0.0355,0.0446
425,1961-12-28,0.0019,-0.0328,0.0263,0.0004,0.0363,-0.0087,0.0313,-0.0046,-0.022,-0.0438,-0.0207,-0.0012
426,1962-01-28,0.0024,-0.0641,-0.0042,-0.0381,-0.0016,-0.0519,-0.0631,-0.0891,-0.0486,-0.0284,-0.0147,-0.0387
427,1962-02-28,0.002,0.0006,-0.0162,0.0122,0.0509,-0.0021,0.039,0.0151,0.035,0.0243,0.0133,0.017
428,1962-03-28,0.002,-0.0117,0.0021,-0.0065,-0.0186,0.0003,-0.0314,0.0048,0.0041,0.0176,-0.0191,-0.0077
429,1962-04-28,0.0022,-0.0689,-0.0538,-0.0815,-0.0382,-0.1125,-0.0491,-0.048,-0.1123,-0.0303,-0.0726,-0.0649
430,1962-05-28,0.0024,-0.1161,-0.0467,-0.0834,-0.0509,-0.114,-0.0737,-0.0938,-0.1114,-0.1066,-0.0775,-0.0869
431,1962-06-28,0.002,-0.0899,-0.0625,-0.0984,-0.0507,-0.1174,-0.0872,-0.1054,-0.128,-0.0529,-0.0915,-0.0847
432,1962-07-28,0.0027,0.05,0.0774,0.0505,0.0463,0.1103,0.0696,0.0425,0.0751,0.0714,0.051,0.0634
433,1962-08-28,0.0023,0.0072,0.0358,0.0214,0.0161,0.0315,0.0135,0.0393,-0.0814,0.0292,0.0353,0.0211
434,1962-09-28,0.0021,-0.0598,-0.024,-0.0602,-0.0198,-0.0906,-0.0626,-0.0665,-0.0427,-0.0308,-0.0585,-0.0522
435,1962-10-28,0.0026,-0.0368,0.0219,0.0123,-0.0055,-0.0039,0.0251,-0.0131,0.0221,-0.0132,0.0024,-0.0005
436,1962-11-28,0.002,0.1198,0.0653,0.13,0.1052,0.1436,0.0696,0.1103,0.174,0.0741,0.1449,0.1081
437,1962-12-28,0.0023,0.0117,0.0331,-0.0128,0.0446,-0.004,0.0085,-0.0004,0.0065,0.0325,0.0085,0.0096
438,1963-01-28,0.0025,0.0567,0.0737,0.0555,0.0244,0.0538,0.0388,0.0381,0.054,0.05,0.0506,0.0493
439,1963-02-28,0.0023,-0.0328,-0.0314,-0.0279,-0.0154,-0.0529,-0.0132,-0.0074,-0.0282,-0.0168,-0.0059,-0.0242
440,1963-03-28,0.0023,0.0234,0.0685,0.0265,0.0674,0.0252,0.0171,0.0186,0.0094,0.0156,0.026,0.0306
441,1963-04-28,0.0025,0.0212,0.0538,0.0443,0.058,0.0616,0.0348,0.0511,0.0738,0.0213,0.0571,0.0449
442,1963-05-28,0.0024,0.0166,0.0775,0.0186,-0.0035,0.0394,-0.0088,0.0226,-0.005,0.008,0.0336,0.0176
443,1963-06-28,0.0023,-0.0159,-0.0349,-0.0279,0.0098,-0.0513,-0.0217,-0.0172,-0.0132,-0.0135,-0.0162,-0.0203
444,1963-07-28,0.0027,-0.0077,-0.0037,-0.0166,0.0203,-0.0098,-0.005,-0.0121,0.0029,0.0055,-0.0191,-0.0044
445,1963-08-28,0.0025,0.047,0.0636,0.0593,0.0367,0.0488,0.0403,0.061,0.0932,0.0396,0.0508,0.0502
446,1963-09-28,0.0027,-0.0195,-0.0049,-0.0103,-0.0391,-0.0011,0.0208,0.0062,-0.0432,-0.0274,-0.0344,-0.0146
447,1963-10-28,0.0029,0.0245,0.1048,0.0228,-0.0061,0.0797,0.031,0.0016,0.0314,-0.0096,0.0103,0.0248
448,1963-11-28,0.0027,-0.0142,-0.0544,0.0003,-0.0144,-0.0057,0.0389,-0.0151,-0.0192,-0.0129,-0.0015,-0.0083
449,1963-12-28,0.0029,0.0253,0.003,0.0159,0.0433,0.0285,-0.0044,0.0008,0.0122,0.0211,0.0241,0.0188
450,1964-01-28,0.003,0.0043,0.009,0.0237,0.0456,0.0258,0.0305,0.0236,0.0342,0.011,0.0096,0.0228
451,1964-02-28,0.0026,0.0162,0.0135,0.0247,0.0084,0.017,-0.0055,0.0151,0.0137,0.0059,0.0501,0.0146
452,1964-03-28,0.0031,0.0269,0.0073,0.0338,0.0112,0.0313,-0.0126,0.0237,-0.0224,-0.0104,0.0197,0.0145
453,1964-04-28,0.0029,-0.0081,0.0156,-0.0197,0.0376,-0.0386,0.0051,0.0262,-0.0172,0.0075,-0.001,0.0017
454,1964-05-28,0.0026,0.0133,0.0127,0.0157,0.019,0.0246,-0.0065,0.0341,0.0027,0.0057,0.0222,0.0148
455,1964-06-28,0.003,0.0134,0.0052,0.006,0.0035,0.0015,0.0446,0.035,0.0026,0.019,0.0096,0.0121
456,1964-07-28,0.003,0.0143,0.0536,0.0103,0.0303,-0.0214,-0.0229,0.0114,0.0444,0.0461,0.0077,0.0171
457,1964-08-28,0.0028,-0.0051,0.0113,-0.0153,-0.0215,-0.0309,-0.0181,-0.0008,-0.0447,-0.0031,-0.0335,-0.0141
458,1964-09-28,0.0028,0.0147,0.0435,0.0451,0.0279,0.0086,-0.0131,0.03,0.0248,0.0157,0.038,0.0277
459,1964-10-28,0.0029,-0.0045,-0.0021,0.0013,0.0275,-0.0129,-0.0117,0.0209,0.0257,0.0066,0.0135,0.006
460,1964-11-28,0.0029,0.0046,-0.014,-0.0087,0.0226,-0.0047,-0.0254,0.0292,0.0187,0.0107,-0.0198,0.0002
461,1964-12-28,0.0031,-0.0015,0.0164,-0.0105,-0.0057,-0.0034,0.0283,-0.002,0.0408,0.0018,-0.0197,0.0006
462,1965-01-28,0.0028,0.0579,0.0353,0.0512,0.0024,0.0714,-0.0003,0.0296,0.0743,0.0365,0.0434,0.0359
463,1965-02-28,0.003,0.0126,-0.0079,0.0225,-0.0366,0.0192,0.0049,0.0129,0.021,0.0016,0.0216,0.004
464,1965-03-28,0.0036,-0.0113,0.0095,-0.0149,-0.0338,-0.0086,-0.0204,-0.0132,-0.0124,-0.0088,-0.0062,-0.0133
465,1965-04-28,0.0031,0.0394,0.0651,0.0372,0.0053,0.0487,0.0199,0.0634,0.0264,0.0032,0.0198,0.0305
466,1965-05-28,0.0031,-0.0114,-0.0362,-0.0089,0.0057,0.0012,0.0249,-0.0015,-0.0158,-0.0126,-0.0177,-0.0075
467,1965-06-28,0.0035,-0.0554,-0.0714,-0.0657,-0.0233,-0.061,-0.0448,-0.0653,-0.0569,-0.0401,-0.0725,-0.0554
468,1965-07-28,0.0031,0.0129,0.0196,0.0179,0.0149,0.0327,-0.0068,-0.0159,0.0366,0.0075,0.0282,0.0136
469,1965-08-28,0.0033,0.0372,0.031,0.0322,0.0123,0.0554,0.01,0.0202,0.0594,0.0059,0.0465,0.0276
470,1965-09-28,0.0031,0.0013,0.0684,0.0356,0.0403,0.0495,0.0079,-0.0101,0.0191,0.0105,0.016,0.0288
471,1965-10-28,0.0031,0.0226,0.0583,0.0406,0.0153,0.0489,-0.0258,-0.0006,0.0292,0.0076,0.0389,0.0262
472,1965-11-28,0.0035,0.0068,-0.0416,0.0103,0.0038,0.0239,-0.0466,0.0099,0.0343,-0.0135,0.0367,-0.0005
473,1965-12-28,0.0033,0.0089,0.0112,0.0287,-0.0014,-0.0186,-0.0118,0.0097,0.0352,-0.0065,0.0302,0.0102
474,1966-01-28,0.0038,0.0153,0.0017,0.0253,0.0067,0.0097,-0.0167,-0.0428,0.0233,-0.0343,0.0472,0.0083
475,1966-02-28,0.0035,-0.0079,-0.0182,-0.0111,-0.038,0.0466,0.0012,-0.0226,-0.0191,-0.0452,0.017,-0.0121
476,1966-03-28,0.0038,-0.0302,-0.034,-0.0216,-0.0262,-0.0128,-0.0523,-0.0224,-0.0201,-0.005,-0.0317,-0.0247
477,1966-04-28,0.0034,0.0,-0.0021,0.0251,0.0279,0.0728,0.0092,0.0222,-0.0035,0.0084,0.0294,0.0214
478,1966-05-28,0.0041,-0.053,-0.0883,-0.0603,-0.0413,-0.0646,-0.034,-0.0339,-0.0569,-0.0314,-0.081,-0.0566
479,1966-06-28,0.0038,-0.023,-0.0231,-0.0137,-0.0267,-0.0053,0.001,-0.0271,0.0059,-0.0216,0.0026,-0.0141
480,1966-07-28,0.0035,-0.0155,-0.0292,-0.0193,0.0002,-0.0206,-0.0151,-0.0222,-0.0207,-0.0053,-0.023,-0.0164
481,1966-08-28,0.0041,-0.0758,-0.0799,-0.0834,-0.0677,-0.0633,-0.0501,-0.0689,-0.0851,-0.0901,-0.1214,-0.0795
482,1966-09-28,0.004,-0.0181,-0.0135,-0.0403,0.0347,-0.023,-0.0096,-0.0265,-0.0157,0.0397,-0.0213,-0.011
483,1966-10-28,0.0045,0.0406,-0.0009,0.0205,0.0799,-0.0015,0.0873,-0.016,0.0438,0.095,0.0253,0.0378
484,1966-11-28,0.004,0.0183,-0.0377,0.0234,-0.0156,0.1046,-0.0324,0.0043,0.0651,-0.0176,0.0742,0.0135
485,1966-12-28,0.004,-0.0007,-0.0304,0.0101,-0.0103,0.0006,0.0256,-0.0412,-0.0058,0.017,0.0153,0.0022
486,1967-01-28,0.0043,0.0902,0.1142,0.1074,0.0316,0.098,0.0581,0.1142,0.0604,0.0239,0.1153,0.0812
487,1967-02-28,0.0036,0.0168,-0.014,0.0085,-0.0044,0.0579,0.0176,0.0288,0.0102,-0.0209,-0.0081,0.0074
488,1967-03-28,0.0039,0.0397,0.0348,0.054,0.0322,0.0509,0.0258,0.0252,0.0747,0.0115,0.0374,0.0395
489,1967-04-28,0.0032,0.0425,0.108,0.034,0.0131,0.075,-0.0014,0.0878,0.0411,0.0154,0.0171,0.0384
490,1967-05-28,0.0033,-0.03,-0.0771,-0.0397,-0.0269,-0.047,-0.0596,-0.051,-0.056,-0.0444,-0.0221,-0.0426
491,1967-06-28,0.0027,0.0242,0.0109,0.0185,0.0202,0.0611,0.0246,0.0347,0.0514,-0.0158,0.0317,0.0242
492,1967-07-28,0.0032,0.0567,0.1086,0.0472,0.0657,0.0366,-0.069,0.056,0.0348,0.0197,0.0766,0.046
493,1967-08-28,0.0031,-0.012,-0.0008,-0.0075,-0.0177,-0.0132,-0.0155,0.0065,0.0033,-0.0102,-0.0072,-0.0093
494,1967-09-28,0.0032,0.0275,0.0454,0.0279,0.0396,0.0805,0.0092,0.0175,0.026,-0.0044,0.0107,0.0311
495,1967-10-28,0.0039,-0.0306,-0.0522,-0.049,-0.0141,0.0448,-0.0388,0.0028,-0.0541,-0.0581,-0.0569,-0.0313
496,1967-11-28,0.0036,0.0022,-0.0128,0.0026,0.0038,0.0107,-0.0028,-0.0004,0.0095,0.028,-0.0049,0.0043
497,1967-12-28,0.0033,0.0284,0.006,0.0491,0.0272,0.018,-0.002,0.0317,0.0129,0.029,0.0514,0.0304
498,1968-01-28,0.004,-0.01,-0.0569,-0.0679,-0.0121,-0.0912,0.0228,0.0098,-0.0689,-0.0018,-0.0242,-0.0403
499,1968-02-28,0.0039,-0.0303,-0.0264,-0.0467,-0.031,-0.0498,-0.028,-0.0114,-0.0464,-0.0187,-0.0379,-0.0375
500,1968-03-28,0.0038,0.0031,0.0026,0.0047,0.0035,0.0385,-0.0151,0.025,-0.0029,-0.0431,-0.0075,0.0013
501,1968-04-28,0.0043,0.1046,0.1128,0.1017,0.0525,0.12,0.0175,0.1176,0.1147,0.0205,0.1147,0.0898
502,1968-05-28,0.0045,0.0462,-0.0084,0.0274,0.0077,0.0335,-0.0119,0.0324,0.0293,-0.0001,0.0562,0.0225
503,1968-06-28,0.0043,0.0061,-0.0171,-0.0057,0.0137,-0.0242,0.0375,0.0006,0.018,0.0801,0.0263,0.0072
504,1968-07-28,0.0048,-0.0426,-0.0345,-0.045,0.0472,-0.0602,-0.0068,-0.0516,-0.0459,-0.003,-0.035,-0.0268
505,1968-08-28,0.0042,0.0235,0.0082,0.029,0.0086,0.0013,0.0086,0.0208,0.0025,-0.0129,0.0234,0.0138
506,1968-09-28,0.0043,0.0446,0.0621,0.0412,0.0311,0.0251,0.0254,0.0708,0.0041,-0.0017,0.0867,0.0402
507,1968-10-28,0.0044,0.0037,0.0425,0.0053,0.021,-0.0534,0.0273,0.0034,-0.0049,0.0005,0.0064,0.0046
508,1968-11-28,0.0042,0.0429,-0.0072,0.0538,0.0527,0.0818,0.0497,0.0483,0.077,0.0838,0.0725,0.0543
509,1968-12-28,0.0043,-0.0144,-0.049,-0.038,-0.0295,-0.0577,-0.071,-0.0435,-0.0144,-0.0334,-0.0404,-0.0382
510,1969-01-28,0.0053,-0.0179,-0.0226,-0.0099,-0.0166,-0.052,0.0064,-0.0147,-0.0077,0.019,0.0018,-0.012
511,1969-02-28,0.0046,-0.0703,-0.0383,-0.062,-0.0507,-0.0407,-0.0378,-0.0451,-0.0563,-0.0566,-0.089,-0.0582
512,1969-03-28,0.0046,0.0026,0.0469,0.0214,0.0648,0.0498,-0.0089,0.0443,0.0286,-0.0175,0.003,0.0259
513,1969-04-28,0.0053,0.0055,0.0053,0.0084,-0.0085,0.0342,0.0721,0.0346,0.0445,0.008,0.0094,0.0152
514,1969-05-28,0.0048,0.0075,-0.0029,-0.0137,0.0321,-0.0216,0.0059,0.0003,0.012,-0.0046,-0.0177,0.0002
515,1969-06-28,0.0051,-0.0776,-0.0642,-0.0746,-0.1025,-0.0067,-0.045,-0.0678,-0.0557,-0.0624,-0.1064,-0.0725
516,1969-07-28,0.0053,-0.0736,-0.075,-0.0596,-0.1018,-0.0593,-0.0503,-0.0801,-0.0326,-0.035,-0.1016,-0.0705
517,1969-08-28,0.005,0.0451,0.0214,0.0368,0.0608,0.065,0.0116,0.0785,0.0879,-0.018,0.0842,0.0465
518,1969-09-28,0.0062,-0.0028,-0.0063,-0.0268,-0.1024,-0.0042,-0.0462,-0.0152,0.0146,-0.0476,-0.0116,-0.0288
519,1969-10-28,0.006,0.0774,0.0323,0.0612,-0.0162,0.0518,0.0289,0.0652,0.0838,0.0768,0.0707,0.0496
520,1969-11-28,0.0052,-0.0288,-0.0492,-0.0394,-0.0505,-0.0231,0.0066,-0.0457,-0.0019,-0.0579,-0.0623,-0.0374
521,1969-12-28,0.0064,-0.0259,-0.041,-0.0204,-0.0367,-0.0138,-0.0616,-0.0363,0.0366,-0.0128,-0.0439,-0.0261
522,1970-01-28,0.006,-0.0487,-0.0878,-0.0793,-0.1203,-0.0966,-0.0314,-0.0653,-0.077,-0.0482,-0.094,-0.0793
523,1970-02-28,0.0062,0.0403,0.049,0.0451,0.0479,0.0234,0.0733,0.0522,0.0495,0.0774,0.0874,0.0505
524,1970-03-28,0.0057,-0.0141,0.0449,-0.0085,-0.0101,-0.0314,0.0174,-0.0188,-0.0564,0.0234,-0.0257,-0.0104
525,1970-04-28,0.005,-0.1062,-0.092,-0.0945,-0.0966,-0.1482,-0.0927,-0.1126,-0.1062,-0.0854,-0.1438,-0.1103
526,1970-05-28,0.0053,-0.0796,-0.0703,-0.0805,0.0212,-0.1007,-0.0426,-0.0984,-0.0831,-0.0588,-0.0874,-0.0696
527,1970-06-28,0.0058,-0.02,-0.0464,-0.0542,-0.0311,-0.1234,-0.0907,-0.0442,-0.0108,-0.0528,-0.0748,-0.0569
528,1970-07-28,0.0052,0.0608,0.1017,0.0459,0.1217,0.0183,0.0974,0.1046,0.0163,0.0818,0.0715,0.069
529,1970-08-28,0.0053,0.0092,0.0769,0.0405,0.0602,0.0747,0.0198,0.0435,0.0127,0.0414,0.0484,0.0447
530,1970-09-28,0.0054,0.0492,0.0207,0.035,0.0265,0.0961,-0.015,0.0709,0.075,-0.0106,0.0711,0.0421
531,1970-10-28,0.0046,0.0023,-0.0236,-0.0362,0.0241,-0.0395,-0.0421,-0.0187,-0.0022,-0.0128,-0.066,-0.0228
532,1970-11-28,0.0046,0.0437,0.0655,0.0342,0.0444,0.036,0.0566,0.0584,0.0246,0.0892,0.0368,0.0458
533,1970-12-28,0.0042,0.0695,0.0575,0.0756,0.0187,0.0399,0.0644,0.0502,0.0496,0.0676,0.08,0.0565
534,1971-01-28,0.0038,0.0444,0.034,0.0553,-0.0002,0.0501,0.094,0.0731,0.0448,0.0256,0.0771,0.0482
535,1971-02-28,0.0033,0.0344,0.0195,0.0088,0.0443,0.0246,-0.0564,0.0332,0.0106,-0.0291,0.0195,0.0136
536,1971-03-28,0.003,0.0419,0.0305,0.0378,0.0246,0.0776,0.0039,0.0573,0.0336,0.0211,0.0601,0.0418
537,1971-04-28,0.0028,0.0184,0.0836,0.0397,0.0401,0.0203,0.0053,0.0439,0.0394,-0.0381,0.0427,0.0305
538,1971-05-28,0.0029,-0.033,-0.0472,-0.0252,-0.0497,-0.0642,-0.0549,-0.0251,-0.0239,-0.04,-0.0465,-0.0393
539,1971-06-28,0.0037,-0.0054,-0.0108,-0.0001,0.0064,-0.0254,0.0068,-0.0026,0.0162,0.0392,-0.0138,-0.0006
540,1971-07-28,0.004,-0.0254,-0.0589,-0.0529,-0.026,-0.0899,-0.0401,-0.0356,-0.0265,-0.0253,-0.0445,-0.0443
541,1971-08-28,0.0047,0.0262,0.1026,0.0588,-0.0164,0.0523,-0.0079,0.0568,0.028,-0.0279,0.0651,0.0378
542,1971-09-28,0.0037,-0.0041,-0.0049,-0.0068,-0.0203,-0.0192,-0.0014,0.0031,0.0028,-0.0187,-0.0086,-0.0087
543,1971-10-28,0.0037,-0.047,-0.0559,-0.0644,-0.0464,-0.0473,-0.0211,-0.0415,-0.0287,0.0169,-0.0427,-0.0444
544,1971-11-28,0.0037,-0.0072,-0.0005,-0.0135,-0.0028,0.0141,0.0001,-0.0031,0.0021,-0.0158,-0.0053,-0.005
545,1971-12-28,0.0037,0.1012,0.0581,0.0951,0.0843,0.1087,0.0698,0.0943,0.0754,0.0772,0.0802,0.0876
546,1972-01-28,0.0029,0.0222,0.0282,0.0298,-0.0003,0.0812,0.0063,-0.0038,0.0231,-0.0058,0.0325,0.0255
547,1972-02-28,0.0025,0.0435,0.0058,0.0471,0.0238,0.0163,-0.0012,0.0547,0.0688,-0.0275,0.0173,0.0288
548,1972-03-28,0.0027,-0.0017,0.0401,0.0219,-0.0575,0.0082,-0.0059,0.0174,0.0017,-0.0043,0.0216,0.006
549,1972-04-28,0.0029,0.0163,-0.0089,0.0171,-0.0094,0.0045,-0.0134,-0.0082,0.0079,-0.031,0.0147,0.0026
550,1972-05-28,0.003,0.001,-0.0133,0.016,0.0333,0.0341,0.0087,0.0086,0.0321,-0.0048,-0.008,0.0134
551,1972-06-28,0.0029,-0.0141,-0.0309,-0.0255,-0.0122,-0.0283,-0.0302,-0.044,0.0222,-0.0183,-0.0474,-0.0238
552,1972-07-28,0.0031,-0.0187,-0.0241,0.0017,-0.0143,0.0066,0.0044,-0.0284,0.0282,-0.0027,-0.0315,-0.0074
553,1972-08-28,0.0029,-0.0045,0.0357,0.0201,0.1208,0.0255,0.0487,-0.0041,0.0076,0.0566,0.0319,0.0331
554,1972-09-28,0.0034,-0.0299,-0.0122,-0.0157,-0.0058,-0.015,0.0399,-0.0097,-0.0078,-0.0015,-0.02,-0.0111
555,1972-10-28,0.004,-0.0034,-0.0286,0.0076,0.0265,-0.0371,0.0191,0.0066,0.011,0.0635,0.0058,0.0047
556,1972-11-28,0.0037,0.0644,0.0754,0.0384,0.0587,0.0214,0.0673,0.0577,-0.0093,0.0603,0.0471,0.0461
557,1972-12-28,0.0037,0.0014,0.013,0.0056,0.0067,0.0162,0.011,0.0132,0.0337,-0.0191,-0.0108,0.0075
558,1973-01-28,0.0044,-0.0522,-0.0703,-0.0414,0.0457,0.0151,-0.0254,-0.0482,-0.0163,-0.047,-0.0785,-0.0321
559,1973-02-28,0.0041,-0.0478,-0.0617,-0.0268,-0.0774,-0.0342,-0.0501,-0.0666,-0.0112,-0.0238,-0.0657,-0.0486
560,1973-03-28,0.0046,-0.0148,-0.0336,-0.0068,0.0261,-0.0166,0.001,-0.0589,0.0032,-0.0261,-0.0078,-0.0125
561,1973-04-28,0.0052,-0.0667,-0.0559,-0.0495,-0.0149,-0.0719,0.0039,-0.0867,-0.0601,-0.0111,-0.0828,-0.0569
562,1973-05-28,0.0051,-0.0256,-0.0476,-0.0165,-0.0403,-0.0308,-0.0132,-0.0246,0.0056,-0.0016,-0.0568,-0.0296
563,1973-06-28,0.0051,-0.0394,-0.0301,-0.0089,0.0111,-0.0059,-0.0082,-0.06,-0.005,-0.0297,-0.0073,-0.0138
564,1973-07-28,0.0064,0.0679,0.0667,0.06,-0.0027,0.0433,-0.0106,0.1058,0.0622,-0.0303,0.0878,0.0507
565,1973-08-28,0.007,-0.0401,-0.0472,-0.0212,-0.0447,-0.0439,-0.0463,-0.049,-0.076,-0.028,-0.0296,-0.0367
566,1973-09-28,0.0068,0.0519,0.0691,0.0386,0.0859,-0.0354,0.0735,0.0675,0.001,0.0721,0.0654,0.0472
567,1973-10-28,0.0065,-0.0288,-0.0505,-0.0019,0.0446,0.032,-0.0616,-0.036,0.0118,-0.0404,-0.0181,-0.0068
568,1973-11-28,0.0056,-0.1479,-0.1664,-0.1483,-0.0687,-0.1197,-0.0482,-0.1926,-0.0832,-0.1215,-0.1386,-0.1265
569,1973-12-28,0.0064,-0.022,-0.0459,0.0066,0.0804,-0.0496,0.0393,-0.0057,-0.0511,0.0276,0.017,0.005
570,1974-01-28,0.0063,0.0186,0.0572,-0.0019,-0.0812,0.0061,0.0137,0.0584,-0.0317,0.0394,0.0059,-0.0019
571,1974-02-28,0.0058,-0.0059,-0.0153,-0.0057,-0.0215,-0.0117,0.0417,0.0075,-0.018,-0.0028,0.0035,-0.0035
572,1974-03-28,0.0056,-0.0246,-0.0062,-0.0134,-0.0376,-0.0332,-0.0513,-0.0342,0.0065,-0.042,-0.0437,-0.029
573,1974-04-28,0.0075,-0.044,-0.049,-0.0278,-0.0697,-0.0444,-0.0606,-0.0297,-0.0224,-0.1295,-0.071,-0.0535
574,1974-05-28,0.0075,-0.0367,-0.0021,-0.0329,-0.0813,-0.0498,-0.0227,0.0016,-0.0088,-0.0567,-0.0926,-0.0495
575,1974-06-28,0.006,-0.0118,-0.0309,-0.0104,-0.01,-0.035,-0.0029,-0.0351,-0.0221,-0.068,-0.0604,-0.0289
576,1974-07-28,0.007,-0.1091,-0.1258,-0.0785,-0.0122,-0.0893,-0.0833,-0.1336,-0.1484,0.0006,-0.0726,-0.0779
577,1974-08-28,0.006,-0.1073,-0.0733,-0.1076,-0.0914,-0.0547,-0.0061,-0.1346,-0.0864,-0.0921,-0.1117,-0.0937
578,1974-09-28,0.0081,-0.1297,-0.1371,-0.1364,-0.0877,-0.1759,-0.046,-0.1317,-0.1636,-0.0211,-0.1021,-0.1178
579,1974-10-28,0.0051,0.1518,0.0381,0.1551,0.2021,0.1418,0.1034,0.104,0.2907,0.1246,0.1948,0.1605
580,1974-11-28,0.0054,-0.0437,-0.0518,-0.0641,-0.0484,-0.055,-0.0363,-0.059,-0.0176,-0.0068,-0.0332,-0.0464
581,1974-12-28,0.007,-0.0124,-0.0466,-0.0516,0.0008,-0.0589,0.0089,-0.0449,-0.0402,-0.0153,-0.0482,-0.034
582,1975-01-28,0.0058,0.1811,0.211,0.1392,0.0634,0.1476,0.1049,0.2608,-0.0129,0.1836,0.1688,0.1356
583,1975-02-28,0.0043,0.0361,0.0437,0.0754,0.0185,0.1267,0.0472,0.045,0.1559,0.0045,0.0235,0.0543
584,1975-03-28,0.0041,0.0662,0.0636,0.0469,-0.0277,0.005,-0.013,0.0985,0.009,-0.0172,0.0368,0.0261
585,1975-04-28,0.0044,0.0247,0.0388,0.0909,0.067,0.0505,-0.0142,0.0237,0.0021,-0.0202,0.0273,0.042
586,1975-05-28,0.0044,0.0487,0.0207,0.0233,0.1189,0.0552,0.0307,0.0392,0.0608,0.0803,0.0515,0.0508
587,1975-06-28,0.0041,0.0474,0.0985,0.0313,0.0576,0.0188,0.0362,0.0675,0.0055,0.1036,0.0574,0.0475
588,1975-07-28,0.0048,-0.0586,-0.025,-0.0639,-0.0473,-0.0991,-0.0469,-0.0795,-0.1251,-0.0526,-0.0661,-0.0652
589,1975-08-28,0.0048,-0.0349,-0.0406,-0.0126,-0.014,-0.0345,-0.0404,-0.0036,-0.038,-0.0172,-0.0585,-0.0284
590,1975-09-28,0.0053,-0.0313,-0.0279,-0.0631,-0.0167,-0.0137,-0.0179,-0.0435,-0.0704,-0.0152,-0.0679,-0.0433
591,1975-10-28,0.0056,0.1003,0.0833,0.0508,-0.0187,0.0783,0.0626,0.0923,0.1011,0.0602,0.0329,0.0504
592,1975-11-28,0.0041,0.0367,0.0308,0.0264,-0.0205,0.0463,0.0386,0.0378,0.0473,0.0275,0.0324,0.0271
593,1975-12-28,0.0048,-0.0195,-0.0102,-0.0179,-0.0038,-0.0172,-0.0059,-0.0349,-0.0682,0.0086,-0.0068,-0.0158
594,1976-01-28,0.0047,0.1038,0.1517,0.164,0.0801,0.178,0.09,0.0914,0.0727,0.0782,0.1231,0.1213
595,1976-02-28,0.0034,-0.0139,0.0348,0.0143,-0.0344,0.0082,0.0324,0.041,-0.0685,-0.0387,0.0284,0.0038
596,1976-03-28,0.004,0.0026,0.0318,0.0073,0.0682,0.0249,0.0018,0.033,0.0612,0.0104,0.0151,0.0228
597,1976-04-28,0.0042,-0.0206,0.0123,-0.0182,0.0184,-0.0383,0.0131,-0.0471,-0.0474,0.0022,-0.0206,-0.0147
598,1976-05-28,0.0037,-0.0248,-0.0352,-0.0155,0.0505,0.0013,-0.0332,-0.0596,-0.0317,-0.0187,-0.0205,-0.0131
599,1976-06-28,0.0043,0.032,0.0375,0.0327,0.0463,0.0776,0.0313,0.0081,0.0325,0.0381,0.0515,0.0401
600,1976-07-28,0.0047,0.0108,-0.0157,-0.0232,-0.0108,-0.027,0.0078,-0.0288,-0.0085,0.0236,-0.0039,-0.0108
601,1976-08-28,0.0042,-0.0073,-0.018,-0.0212,-0.0129,-0.0129,0.0432,0.025,0.0175,0.0254,-0.0162,-0.0056
602,1976-09-28,0.0044,0.0107,0.0404,0.006,0.0548,0.0242,0.0116,0.001,0.0319,0.0364,0.0041,0.0201
603,1976-10-28,0.0041,-0.0201,-0.016,-0.0371,-0.0283,-0.049,0.0088,-0.007,-0.0415,-0.0121,-0.0101,-0.0245
604,1976-11-28,0.004,0.0134,-0.0111,-0.0082,0.0042,0.0125,0.0274,0.0405,-0.1011,0.0273,0.0183,0.0016
605,1976-12-28,0.004,0.0481,0.092,0.055,0.0595,0.0345,0.0303,0.0227,0.0586,0.0609,0.0781,0.0576
606,1977-01-28,0.0036,-0.0435,-0.0465,-0.0631,-0.0006,-0.0421,-0.0025,-0.0757,-0.0918,0.0048,-0.0438,-0.0399
607,1977-02-28,0.0035,-0.0175,-0.0386,-0.01,-0.0332,-0.0099,0.0065,-0.0203,-0.0055,-0.0374,-0.0208,-0.0193
608,1977-03-28,0.0038,-0.0175,-0.0377,-0.0074,-0.0245,-0.0041,-0.0142,-0.0307,-0.0218,-0.0018,-0.0038,-0.013
609,1977-04-28,0.0038,0.001,0.0267,0.0019,0.022,-0.0383,0.0029,-0.0382,-0.0557,0.0157,0.0193,0.0012
610,1977-05-28,0.0037,-0.0128,-0.0088,-0.0333,-0.0077,-0.0188,0.0107,-0.0345,-0.0226,0.013,-0.0105,-0.0145
611,1977-06-28,0.004,0.0414,0.0378,0.0295,0.0568,0.0735,0.0151,0.057,0.0862,0.0529,0.0484,0.0474
612,1977-07-28,0.0042,0.0084,-0.0277,-0.0405,-0.0225,-0.006,-0.0128,-0.0116,-0.0265,0.0045,-0.0064,-0.017
613,1977-08-28,0.0044,-0.0034,-0.0121,-0.0168,-0.062,0.0004,-0.027,0.0403,0.0339,-0.0367,-0.0176,-0.0178
614,1977-09-28,0.0043,-0.0023,0.0119,-0.0141,0.003,-0.022,0.0306,-0.0135,-0.0132,0.0158,-0.0041,-0.0027
615,1977-10-28,0.0049,-0.0385,-0.0491,-0.0507,-0.0403,-0.0371,-0.0555,-0.0354,-0.0224,-0.0362,-0.0493,-0.0442
616,1977-11-28,0.005,0.0405,0.0133,0.0382,0.0301,0.0474,0.0167,0.0518,0.0558,0.0377,0.0588,0.0404
617,1977-12-28,0.0049,-0.0049,-0.0118,0.0023,0.0136,0.0189,0.0166,-0.0182,0.0012,-0.0081,0.0016,0.0033
618,1978-01-28,0.0049,-0.0574,-0.0732,-0.0648,-0.0743,-0.0524,-0.0465,-0.0766,-0.0236,-0.0501,-0.057,-0.0601
619,1978-02-28,0.0046,-0.0032,-0.0005,-0.0316,-0.0153,-0.0392,0.0367,-0.0108,-0.0345,-0.0088,-0.0052,-0.0139
620,1978-03-28,0.0053,0.0363,0.054,0.0338,0.016,-0.0117,0.0207,0.0216,0.0365,0.0193,0.0493,0.0287
621,1978-04-28,0.0054,0.0633,0.0887,0.1091,0.0623,0.127,0.0236,0.1065,0.0868,-0.0038,0.0866,0.0775
622,1978-05-28,0.0051,0.0378,-0.0063,0.0356,0.0043,0.0112,-0.0091,0.0023,0.0467,0.0019,0.0227,0.0181
623,1978-06-28,0.0054,-0.0082,-0.0337,-0.0202,-0.0426,-0.009,-0.0207,-0.0236,0.0058,0.0031,-0.0091,-0.0162
624,1978-07-28,0.0056,0.03,0.0398,0.0731,0.0283,0.0802,0.0086,0.05,0.083,0.0226,0.0587,0.0511
625,1978-08-28,0.0055,0.036,0.0221,0.0334,0.0461,0.0545,0.03,0.0512,0.0046,-0.0011,0.0579,0.0369
626,1978-09-28,0.0062,-0.0104,-0.0094,-0.0271,0.0404,-0.0478,0.0062,-0.0342,-0.0336,-0.0085,-0.0179,-0.0131
627,1978-10-28,0.0068,-0.122,-0.1173,-0.1199,-0.1131,-0.1148,-0.0513,-0.1439,-0.1354,-0.0777,-0.1487,-0.1178
628,1978-11-28,0.007,0.0152,-0.0003,0.0218,0.0542,0.0438,0.0228,0.0143,0.0448,0.0231,0.0192,0.0268
629,1978-12-28,0.0078,0.0089,-0.0124,0.0065,0.0195,0.0563,-0.0069,-0.0159,0.0261,-0.0203,0.0058,0.0099
630,1979-01-28,0.0077,0.0338,0.0393,0.0572,0.025,0.035,0.0288,0.0549,0.0066,0.0562,0.0509,0.0418
631,1979-02-28,0.0073,-0.0422,-0.0405,-0.052,-0.0026,-0.0402,-0.0135,-0.0489,-0.0523,-0.0235,-0.04,-0.0341
632,1979-03-28,0.0081,0.0328,0.0547,0.0654,0.0846,0.0675,-0.0067,0.0502,0.0423,0.0152,0.0744,0.0575
633,1979-04-28,0.008,-0.0061,0.0212,-0.0127,0.0353,-0.005,-0.0297,-0.0009,-0.0036,-0.0353,0.0076,0.0005
634,1979-05-28,0.0082,-0.0261,-0.0148,-0.0312,-0.0328,-0.0275,-0.0071,-0.0349,-0.0344,0.0064,-0.0103,-0.0218
635,1979-06-28,0.0081,0.0242,0.0221,0.0272,0.0837,-0.0037,0.0107,0.0194,0.04,0.0415,0.0623,0.0388
636,1979-07-28,0.0077,0.013,0.0089,0.0121,0.0095,-0.0228,-0.0088,0.0023,-0.0063,0.0131,0.0263,0.0073
637,1979-08-28,0.0077,0.0679,0.039,0.0692,0.0712,0.0515,0.0076,0.0809,0.0781,0.0126,0.0498,0.057
638,1979-09-28,0.0083,-0.0271,-0.0042,-0.0154,0.0508,-0.0261,-0.0323,-0.0162,-0.0138,-0.0301,-0.0156,-0.0069
639,1979-10-28,0.0087,-0.085,-0.1024,-0.0971,-0.0345,-0.0861,-0.0591,-0.0999,-0.0521,-0.0666,-0.1095,-0.0813
640,1979-11-28,0.0099,0.0417,-0.0377,0.0371,0.0798,0.0715,0.0301,0.028,0.0776,0.0672,0.0612,0.0537
641,1979-12-28,0.0095,0.0241,0.0254,0.0351,0.0144,0.0079,-0.0251,0.0213,0.0113,-0.0197,0.0316,0.0187
642,1980-01-28,0.008,0.0233,0.0799,0.0626,0.1323,0.0652,-0.0287,0.005,-0.0207,0.007,0.0458,0.0576
643,1980-02-28,0.0089,-0.0576,-0.0716,-0.0338,0.1196,-0.0445,-0.0236,-0.0552,-0.0549,-0.0432,-0.0435,-0.0079
644,1980-03-28,0.0121,-0.0941,-0.0972,-0.1292,-0.1902,-0.1384,-0.0377,-0.0981,-0.0407,-0.0769,-0.134,-0.1323
645,1980-04-28,0.0126,0.0517,-0.0271,0.0193,0.0544,-0.0053,0.0608,0.0203,0.03,0.1085,0.0485,0.0397
646,1980-05-28,0.0081,0.0714,0.0338,0.0542,0.0329,0.0396,0.0417,0.0994,0.0616,0.0376,0.0721,0.052
647,1980-06-28,0.0061,0.0234,0.0238,0.0169,0.051,0.0246,-0.0121,0.0155,-0.0039,0.039,0.0462,0.0316
648,1980-07-28,0.0053,0.0719,0.1094,0.103,0.0159,0.1495,0.0047,0.0983,0.0835,-0.0063,0.0641,0.0641
649,1980-08-28,0.0064,0.0076,0.0095,0.0095,0.0299,0.0298,0.0566,0.0102,-0.0032,-0.0181,0.0217,0.0171
650,1980-09-28,0.0075,-0.0051,-0.0002,0.0203,0.0578,0.012,-0.0237,-0.0017,0.0286,-0.0061,0.0328,0.022
651,1980-10-28,0.0095,-0.0062,-0.0233,-0.0051,0.0665,0.0101,-0.0422,-0.0223,-0.0217,0.0095,0.0066,0.0105
652,1980-11-28,0.0096,0.0,0.0345,0.0741,0.2331,0.0881,-0.0089,0.0149,0.0787,0.0632,0.0676,0.0953
653,1980-12-28,0.0131,-0.0032,-0.0237,-0.0337,-0.1186,-0.0247,-0.0056,-0.0261,0.0325,-0.0316,-0.0127,-0.0475
654,1981-01-28,0.0104,0.0099,-0.0263,-0.0291,-0.1124,-0.0907,0.0454,-0.0005,-0.0264,-0.0352,-0.0443,-0.0505
655,1981-02-28,0.0107,0.0141,0.0515,0.0329,-0.0148,-0.0057,0.0107,0.0194,0.0077,-0.0233,0.0063,0.0048
656,1981-03-28,0.0121,0.057,0.058,0.0473,-0.0345,0.0369,-0.0011,0.1113,0.0459,0.0181,0.0722,0.0341
657,1981-04-28,0.0108,0.0007,0.0062,-0.02,-0.0841,-0.0099,0.0515,0.0164,0.0194,-0.0367,-0.0016,-0.022
658,1981-05-28,0.0115,0.0149,0.0172,-0.0152,-0.05,0.0301,0.0597,0.0147,0.0227,0.007,0.0167,0.002
659,1981-06-28,0.0135,-0.0161,-0.0539,-0.0262,0.033,-0.0796,-0.0328,-0.0303,-0.0692,0.0217,-0.0259,-0.0237
660,1981-07-28,0.0124,-0.0182,-0.0431,-0.041,0.0663,-0.0504,-0.0087,-0.0491,-0.0514,0.0156,-0.0385,-0.0155
661,1981-08-28,0.0128,-0.0634,-0.0879,-0.0816,-0.0762,-0.0859,-0.0208,-0.068,-0.09,-0.0211,-0.0677,-0.0691
662,1981-09-28,0.0124,-0.0339,-0.0441,-0.0838,-0.1338,-0.051,0.0163,-0.0527,-0.0253,-0.0675,-0.0647,-0.0761
663,1981-10-28,0.0121,0.0629,-0.0494,0.0245,0.0841,0.0393,0.0478,0.052,0.0674,0.0368,0.0603,0.0481
664,1981-11-28,0.0107,0.0157,0.0361,0.0345,0.0584,0.0046,0.0161,0.0029,0.0285,0.0487,0.0393,0.0351
665,1981-12-28,0.0087,-0.0268,-0.0062,-0.0252,-0.0723,-0.0087,-0.0231,-0.0287,-0.0159,-0.0322,-0.0466,-0.0368
666,1982-01-28,0.008,-0.0169,0.0017,-0.0411,-0.0914,0.02,-0.0011,-0.0104,0.0062,-0.0139,-0.0391,-0.0342
667,1982-02-28,0.0092,-0.028,-0.0275,-0.0652,-0.1192,-0.0618,-0.0662,-0.0234,-0.027,-0.0115,-0.0481,-0.0603
668,1982-03-28,0.0098,0.0145,0.0314,-0.0274,-0.0457,-0.0451,0.0111,0.0304,-0.0347,0.0073,-0.0221,-0.0199
669,1982-04-28,0.0113,0.0553,0.0352,0.0211,0.0309,0.0627,-0.014,0.0402,0.0625,0.0272,0.0264,0.032
670,1982-05-28,0.0106,-0.043,-0.0264,-0.0575,0.0117,-0.0645,-0.0199,-0.0412,-0.0409,-0.0156,-0.0646,-0.0388
671,1982-06-28,0.0096,0.0077,0.0182,-0.0353,-0.0714,-0.033,-0.0347,0.0183,-0.0172,-0.0312,-0.0332,-0.0335
672,1982-07-28,0.0105,-0.015,-0.0125,-0.0334,-0.0894,0.0046,0.0016,-0.008,-0.0026,-0.0363,-0.0414,-0.031
673,1982-08-28,0.0076,0.0837,0.1252,0.132,0.0906,0.1207,0.1008,0.1216,0.1161,0.1126,0.1035,0.1114
674,1982-09-28,0.0051,0.0468,-0.0104,-0.016,0.0127,0.0063,0.0044,0.039,0.0085,0.0055,0.0372,0.0117
675,1982-10-28,0.0059,0.0979,0.1589,0.1245,0.0506,0.1642,0.0748,0.1609,0.076,0.0414,0.1524,0.1127
676,1982-11-28,0.0063,0.045,0.0751,0.0515,-0.0486,0.1006,0.0529,0.1035,0.0456,-0.0046,0.0696,0.0456
677,1982-12-28,0.0067,0.0026,0.0243,0.0003,0.0472,0.0202,-0.019,-0.0208,-0.0009,0.0365,-0.0229,0.0078
678,1983-01-28,0.0069,-0.0168,0.0421,0.0431,0.0298,0.0766,0.1185,0.0055,0.0076,0.0297,0.0217,0.0346
679,1983-02-28,0.0062,0.0314,0.0272,0.0347,-0.0096,0.0291,-0.0105,0.0729,0.0223,0.0097,0.0391,0.0243
680,1983-03-28,0.0063,0.068,-0.0139,0.0146,0.0511,0.0006,-0.0005,0.0754,0.0388,-0.0035,0.0448,0.0284
681,1983-04-28,0.0071,0.055,0.102,0.0565,0.0865,0.0689,0.0445,0.0794,0.0433,0.0402,0.0752,0.0672
682,1983-05-28,0.0069,-0.0166,-0.0272,0.0129,0.0053,0.0201,-0.0209,-0.0028,-0.0342,0.0181,0.0172,0.0062
683,1983-06-28,0.0067,0.0228,0.0919,0.0089,0.0596,0.0544,-0.0058,0.0487,0.0625,-0.0127,0.0116,0.0313
684,1983-07-28,0.0074,-0.0358,-0.0431,-0.0331,-0.0324,-0.0606,-0.0591,-0.0411,-0.0636,0.003,-0.0431,-0.0391
685,1983-08-28,0.0076,0.0014,-0.034,-0.0017,0.0597,-0.0185,0.0146,-0.0577,-0.0184,0.0075,-0.0161,-0.004
686,1983-09-28,0.0076,0.0401,0.038,0.0154,-0.0531,0.0136,0.0151,0.0167,0.0055,0.0392,0.0071,0.0087
687,1983-10-28,0.0076,-0.0096,-0.0023,-0.0308,-0.03,-0.0769,-0.0594,-0.0231,-0.0294,0.0232,-0.0487,-0.0353
688,1983-11-28,0.007,0.0161,0.033,0.0576,-0.0091,0.0157,0.0246,0.037,-0.0376,-0.0233,0.0403,0.0223
689,1983-12-28,0.0073,-0.0101,0.0035,-0.0182,0.012,-0.0036,-0.0228,-0.0528,-0.0432,-0.0445,-0.0168,-0.0177
690,1984-01-28,0.0076,-0.0137,-0.0594,-0.0425,0.0895,-0.0697,0.0341,-0.0657,-0.0131,0.0068,-0.024,-0.0205
691,1984-02-28,0.0071,-0.0623,-0.0685,-0.0733,0.0287,-0.066,-0.0433,-0.054,-0.0272,-0.0405,-0.0558,-0.0463
692,1984-03-28,0.0073,0.0098,-0.004,0.0257,-0.0045,0.0106,-0.0498,0.0058,-0.0144,-0.0106,0.0163,0.0062
693,1984-04-28,0.0081,-0.0018,0.0032,-0.0094,0.0322,-0.0125,0.0136,-0.0069,0.0152,-0.0134,-0.0284,-0.0054
694,1984-05-28,0.0078,-0.0335,-0.0613,-0.0657,-0.0591,-0.0635,-0.0429,-0.0631,-0.0724,-0.015,-0.0752,-0.0602
695,1984-06-28,0.0075,0.0559,0.014,0.0244,-0.027,0.0097,0.1137,0.0632,0.0308,-0.0028,0.0154,0.0161
696,1984-07-28,0.0082,-0.0231,0.0132,-0.023,-0.0809,-0.0321,0.0197,-0.007,-0.0461,-0.0083,-0.0267,-0.0286
697,1984-08-28,0.0083,0.0788,0.0901,0.1108,0.1315,0.1313,0.059,0.0907,0.096,0.0693,0.1024,0.1043
698,1984-09-28,0.0086,0.0043,-0.0109,-0.0341,0.013,-0.0479,0.0204,-0.0086,-0.0527,0.0397,0.0138,-0.0082
699,1984-10-28,0.01,0.0026,0.0112,-0.0045,-0.0536,-0.0146,-0.0182,-0.0162,0.0065,0.0236,-0.0027,-0.0099
700,1984-11-28,0.0073,-0.0032,-0.0382,-0.0204,-0.0172,-0.0451,-0.0097,-0.0335,-0.008,0.0233,-0.0115,-0.0179
701,1984-12-28,0.0064,0.0211,0.0392,0.0152,-0.0107,0.0189,0.0448,0.0055,0.0208,0.02,0.0282,0.0174
702,1985-01-28,0.0065,0.0441,0.0942,0.0781,0.0588,0.1184,0.0516,0.1222,0.0766,0.0172,0.091,0.0792
703,1985-02-28,0.0058,0.0462,-0.0201,0.0076,0.0307,-0.0186,0.021,0.015,0.03,0.0078,0.0149,0.0112
704,1985-03-28,0.0062,0.0385,-0.0608,-0.0342,0.0087,-0.0664,0.048,-0.015,0.0247,0.0546,-0.0064,-0.0081
705,1985-04-28,0.0072,-0.0279,-0.0435,-0.0216,0.0313,-0.0432,0.0016,-0.0091,-0.0252,0.0089,0.0078,-0.0094
706,1985-05-28,0.0066,0.0739,0.0457,0.054,0.0044,0.0219,0.0599,0.0876,0.0884,0.0468,0.0569,0.0493
707,1985-06-28,0.0055,0.0215,0.0091,0.0095,-0.0115,-0.0126,0.0353,0.0107,0.0172,0.0315,0.0238,0.0117
708,1985-07-28,0.0062,-0.0314,0.0169,0.0284,-0.0111,0.0378,-0.0514,-0.0424,-0.0107,-0.0526,-0.0092,-0.0067
709,1985-08-28,0.0055,0.0024,-0.0311,-0.0168,0.0068,-0.0308,-0.0002,-0.015,-0.0136,0.0136,-0.0085,-0.0103
710,1985-09-28,0.006,-0.0152,-0.0395,-0.0458,-0.021,-0.0528,-0.0481,-0.0517,-0.0449,-0.0594,-0.0518,-0.0457
711,1985-10-28,0.0065,0.03,0.0024,0.0264,0.0539,0.0235,0.0343,0.061,0.0256,0.0566,0.0564,0.0381
712,1985-11-28,0.0061,0.0783,0.0929,0.0738,-0.0026,0.0803,0.0679,0.0762,0.0867,0.0362,0.0624,0.0632
713,1985-12-28,0.0065,0.0475,0.0646,0.0382,-0.0282,0.0768,0.0541,0.0396,0.0287,0.0416,0.0335,0.0366
714,1986-01-28,0.0056,0.0159,0.0158,0.0101,-0.0724,-0.0085,-0.0438,0.0125,0.0054,0.0323,0.0246,0.0043
715,1986-02-28,0.0053,0.1007,0.1035,0.0975,0.0015,0.0438,0.0685,0.0721,0.0555,0.0606,0.0763,0.0675
716,1986-03-28,0.006,0.0753,0.0718,0.0542,0.0012,-0.0066,0.0325,0.0802,0.1146,0.0334,0.0493,0.0479
717,1986-04-28,0.0052,-0.0029,-0.0388,-0.022,0.0029,0.0331,0.0197,-0.0078,0.0019,-0.0445,-0.0287,-0.0132
718,1986-05-28,0.0049,0.0822,0.0271,0.0395,0.0657,0.0047,0.0434,0.0907,0.0679,0.031,0.0437,0.0459
719,1986-06-28,0.0052,0.0565,-0.0175,-0.0058,-0.0221,-0.0434,0.049,0.0265,0.0509,0.0453,0.0095,0.0091
720,1986-07-28,0.0052,-0.0618,-0.0964,-0.0809,-0.0593,-0.0885,-0.0351,-0.1001,-0.0591,0.0463,-0.0682,-0.0649
721,1986-08-28,0.0046,0.0252,0.0702,0.0602,0.1598,0.0651,0.0638,0.0172,0.0353,0.0744,0.0653,0.0618
722,1986-09-28,0.0045,-0.1136,-0.0861,-0.07,-0.0081,-0.074,-0.0988,-0.088,-0.1306,-0.0954,-0.0912,-0.0836
723,1986-10-28,0.0046,0.0838,0.0604,0.0603,0.0157,0.0011,0.0417,0.0708,0.0751,0.0474,0.035,0.0448
724,1986-11-28,0.0039,0.0024,0.0441,0.0207,0.0254,0.0318,0.036,0.012,0.0094,0.0016,-0.0093,0.0113
725,1986-12-28,0.0049,-0.0387,-0.0288,-0.0229,-0.0059,-0.0416,-0.0419,-0.0666,-0.0173,-0.0378,-0.0289,-0.0314
726,1987-01-28,0.0042,0.1485,0.182,0.1433,0.1385,0.1593,0.0487,0.1066,0.1273,0.0887,0.1037,0.1242
727,1987-02-28,0.0043,0.0474,0.0305,0.0454,-0.0246,0.0897,-0.0047,0.0912,0.107,-0.0257,0.0428,0.0433
728,1987-03-28,0.0047,-0.0009,0.0419,0.0294,0.1138,0.0219,0.009,0.0144,-0.0034,-0.0213,-0.003,0.0185
729,1987-04-28,0.0044,-0.0425,0.0354,-0.0193,-0.0055,0.0396,-0.0291,-0.0351,-0.0289,-0.0478,-0.0429,-0.0215
730,1987-05-28,0.0038,0.0183,-0.0186,-0.0017,0.0265,-0.0011,0.0292,-0.0075,0.0086,-0.0224,0.0004,0.0014
731,1987-06-28,0.0048,0.0606,0.0244,0.0453,0.0507,-0.0047,0.0645,0.0579,0.0431,0.0294,0.0425,0.039
732,1987-07-28,0.0046,0.0549,0.0656,0.0653,0.0348,0.0055,0.0664,0.0526,0.0532,-0.0213,0.0272,0.0395
733,1987-08-28,0.0047,0.0405,0.0519,0.0242,0.0142,0.0692,0.0484,0.0272,0.0172,0.0322,0.0331,0.0325
734,1987-09-28,0.0045,-0.0291,-0.045,-0.0013,-0.0436,-0.0315,0.0299,-0.065,-0.0301,-0.0275,-0.0238,-0.0252
735,1987-10-28,0.006,-0.2199,-0.2748,-0.2794,-0.1943,-0.2641,-0.1399,-0.2903,-0.2091,-0.075,-0.231,-0.2309
736,1987-11-28,0.0035,-0.0915,-0.089,-0.0551,-0.1109,-0.1019,-0.0896,-0.0877,-0.0965,-0.0284,-0.0672,-0.0764
737,1987-12-28,0.0039,0.0703,0.0819,0.105,0.06,0.1145,0.0386,0.078,0.0498,0.0016,0.0497,0.0665
738,1988-01-28,0.0029,0.024,0.0425,-0.0001,0.0823,-0.0275,0.0859,0.0545,0.0611,0.0947,0.0659,0.0424
739,1988-02-28,0.0046,0.0619,0.0586,0.0728,0.0332,0.0697,0.011,0.0996,0.0374,-0.019,0.0327,0.047
740,1988-03-28,0.0044,-0.0161,-0.0457,-0.0176,0.0241,-0.0514,-0.0393,-0.0149,-0.0299,-0.0361,-0.0217,-0.0215
741,1988-04-28,0.0046,-0.0066,0.024,0.011,0.0382,0.0216,-0.0009,0.0108,-0.0244,-0.0078,-0.0048,0.0064
742,1988-05-28,0.0051,-0.0149,0.008,-0.0093,-0.0068,-0.0183,0.0138,-0.0194,-0.0077,0.0308,0.0085,-0.0042
743,1988-06-28,0.0049,0.0244,0.0769,0.0714,-0.0231,0.0895,0.0223,0.0619,0.0215,0.027,0.0532,0.0465
744,1988-07-28,0.0051,0.0058,-0.0184,-0.0275,0.0286,-0.0545,-0.0046,-0.018,-0.0033,-0.0074,-0.0064,-0.0123
745,1988-08-28,0.0059,-0.0082,-0.067,-0.0487,-0.0209,-0.0876,-0.0409,-0.0356,-0.0152,-0.0071,-0.0164,-0.0338
746,1988-09-28,0.0062,0.0602,0.0403,0.0261,-0.0315,0.0236,0.0687,0.068,0.0329,0.0207,0.035,0.0311
747,1988-10-28,0.0061,0.0764,0.015,0.0023,0.0117,-0.0071,0.0297,0.0085,0.0074,0.0196,-0.0039,0.0116
748,1988-11-28,0.0057,-0.0184,-0.0007,-0.0331,-0.0057,-0.0374,0.0024,-0.0305,-0.0324,-0.0115,-0.0266,-0.0221
749,1988-12-28,0.0063,0.0255,0.0041,0.0275,0.0091,0.0433,0.0046,0.0077,0.0112,0.0041,0.0044,0.0145
750,1989-01-28,0.0055,0.0521,0.0659,0.066,0.0594,0.0675,0.0878,0.0618,0.0664,0.0156,0.0628,0.0604
751,1989-02-28,0.0061,-0.0198,-0.0451,-0.0234,-0.0193,-0.0452,-0.0181,-0.0208,-0.0184,-0.0254,-0.0128,-0.0225
752,1989-03-28,0.0067,0.0504,-0.0314,0.0082,0.0237,-0.0607,0.0471,0.024,0.0426,0.0011,0.0302,0.0148
753,1989-04-28,0.0067,0.0476,0.0271,0.0431,0.0139,0.0442,0.0979,0.0537,0.0477,0.0323,0.0431,0.0418
754,1989-05-28,0.0079,0.0476,0.0449,0.021,0.0169,0.0171,0.0438,0.0409,0.0256,0.0442,0.0375,0.0317
755,1989-06-28,0.0071,0.0065,-0.0207,-0.032,-0.0129,-0.0416,0.0013,-0.0236,-0.0327,0.0257,-0.0021,-0.0121
756,1989-07-28,0.007,0.1055,0.0731,0.0619,0.0336,0.024,0.0757,0.0843,0.1331,0.0508,0.0755,0.0707
757,1989-08-28,0.0074,-0.0234,0.0311,0.0385,0.0352,0.0189,0.0004,0.017,-0.0049,-0.0158,0.0213,0.0149
758,1989-09-28,0.0065,-0.0109,-0.0421,-0.0311,0.0001,-0.0355,0.0364,-0.0216,0.0091,-0.002,0.0105,-0.0083
759,1989-10-28,0.0068,-0.0305,-0.0471,-0.0491,-0.0047,-0.051,-0.0326,-0.0558,-0.0029,0.0026,-0.0498,-0.0362
760,1989-11-28,0.0069,0.006,0.0177,0.016,0.0358,-0.0226,0.0092,0.008,0.036,0.0249,-0.0011,0.011
761,1989-12-28,0.0061,0.0047,0.0083,0.02,0.045,-0.0161,0.046,0.0063,0.0026,0.0427,-0.0052,0.0122
762,1990-01-28,0.0057,-0.1027,-0.0402,-0.0731,-0.0445,-0.0227,-0.146,-0.0712,-0.08,-0.0563,-0.093,-0.0758
763,1990-02-28,0.0057,-0.0099,0.031,0.0184,0.0245,0.0331,-0.0013,0.0122,-0.0285,-0.0002,0.0154,0.0093
764,1990-03-28,0.0064,0.0389,0.0302,0.0323,-0.007,0.0355,0.029,0.0426,0.0323,-0.0143,-0.0027,0.0178
765,1990-04-28,0.0069,-0.0076,-0.0272,-0.0347,-0.0423,-0.0293,-0.044,-0.024,-0.0091,-0.0599,-0.0435,-0.0351
766,1990-05-28,0.0068,0.0809,0.0837,0.0721,0.0576,0.1151,0.0852,0.1114,0.1238,0.0448,0.0822,0.0821
767,1990-06-28,0.0063,0.0108,-0.0181,-0.0141,-0.0276,-0.0158,-0.0504,0.0052,0.0379,0.0037,-0.0265,-0.0106
768,1990-07-28,0.0068,-0.0189,-0.0138,-0.0057,0.0729,-0.0834,-0.0503,-0.0424,0.0196,0.0005,-0.0395,-0.0162
769,1990-08-28,0.0066,-0.0845,-0.1412,-0.1215,-0.0248,-0.1278,-0.1201,-0.1245,-0.0745,-0.0761,-0.1093,-0.0983
770,1990-09-28,0.006,-0.0489,-0.1092,-0.0775,-0.0327,-0.0749,-0.0119,-0.0942,-0.047,-0.0068,-0.075,-0.0599
771,1990-10-28,0.0068,0.015,-0.0466,-0.0113,-0.0577,-0.0404,0.0081,-0.0382,0.0052,0.0635,-0.0505,-0.0192
772,1990-11-28,0.0057,0.065,0.0377,0.0704,0.0233,0.1112,0.0161,0.1028,0.0879,0.0188,0.0731,0.0603
773,1990-12-28,0.006,0.0377,0.0175,0.0385,-0.0241,0.0376,0.0115,0.0298,0.0224,0.0036,0.0366,0.0235
774,1991-01-28,0.0052,0.0473,0.0853,0.0509,-0.0215,0.1445,0.0137,0.0853,0.0437,-0.018,0.0471,0.0438
775,1991-02-28,0.0048,0.0943,0.0686,0.0558,0.0883,0.0602,0.0325,0.0771,0.0958,0.0439,0.0803,0.0709
776,1991-03-28,0.0044,0.0437,0.0127,0.0122,0.0033,-0.0015,0.0117,0.0795,0.0603,0.0114,0.0252,0.0244
777,1991-04-28,0.0053,-0.0179,-0.0029,-0.003,0.0183,-0.0384,0.0201,0.0163,-0.0127,-0.0062,0.0055,-0.0019
778,1991-05-28,0.0047,0.0319,0.1079,0.0693,-0.0141,0.0332,-0.0085,0.0657,0.0394,-0.0017,0.031,0.0359
779,1991-06-28,0.0042,-0.0528,-0.0441,-0.048,-0.0408,-0.0936,-0.0213,-0.0474,-0.0473,-0.029,-0.0502,-0.0484
780,1991-07-28,0.0049,0.0494,-0.0111,0.0353,0.0455,0.0449,0.036,0.0523,0.0754,0.0337,0.0401,0.0419
781,1991-08-28,0.0046,0.0497,-0.0036,0.019,0.005,0.0228,-0.0024,0.0285,0.023,0.0333,0.0252,0.0223
782,1991-09-28,0.0046,-0.035,-0.0516,-0.0257,-0.0098,-0.0084,0.001,-0.0323,-0.005,0.0305,-0.0129,-0.0157
783,1991-10-28,0.0042,-0.0124,-0.013,0.0183,0.0203,0.0136,0.0195,-0.0171,0.0591,0.0107,0.0143,0.0135
784,1991-11-28,0.0039,-0.01,-0.0699,-0.058,-0.0854,-0.0442,-0.0575,-0.0198,-0.0234,0.0143,-0.0567,-0.0412
785,1991-12-28,0.0038,0.1405,0.1205,0.1071,0.0278,0.0849,0.0998,0.1256,0.1612,0.0448,0.1154,0.1032
786,1992-01-28,0.0034,-0.0321,0.0462,0.0099,-0.0367,0.0604,-0.0233,0.004,-0.0498,-0.0477,0.0048,-0.0051
787,1992-02-28,0.0028,0.0081,0.0726,0.0149,-0.0125,0.0364,-0.0041,0.021,-0.0269,-0.0108,0.0186,0.0105
788,1992-03-28,0.0034,-0.0205,-0.0186,-0.0139,-0.0324,-0.0548,-0.0098,-0.0156,-0.0579,-0.0065,-0.0247,-0.0271
789,1992-04-28,0.0032,0.0046,0.0493,0.0217,0.09,-0.0214,0.0607,-0.035,-0.0202,0.0245,0.0148,0.0106
790,1992-05-28,0.0028,0.0087,-0.0159,-0.009,0.0305,-0.0003,-0.0256,-0.0012,0.0104,0.0205,0.0075,0.0037
791,1992-06-28,0.0032,-0.0316,0.0125,-0.0458,-0.0373,-0.0394,0.0073,-0.0245,-0.0459,-0.0026,-0.0011,-0.0224
792,1992-07-28,0.0031,0.0443,0.0021,0.0317,0.0492,0.0254,0.0408,0.0354,0.0563,0.0647,0.0315,0.0368
793,1992-08-28,0.0026,0.0046,-0.0635,-0.0409,0.0207,-0.0476,-0.0187,-0.0133,-0.0366,-0.0092,-0.028,-0.0234
794,1992-09-28,0.0026,0.0105,0.0224,0.0127,-0.0021,0.0225,0.0249,0.0386,-0.048,0.0049,0.023,0.0098
795,1992-10-28,0.0023,-0.0131,-0.0002,0.0142,-0.0375,0.018,-0.0102,0.0404,0.026,-0.0081,0.0245,0.0086
796,1992-11-28,0.0023,0.0335,0.0745,0.0302,-0.0212,0.0662,0.0561,0.0707,0.0496,-0.0049,0.0472,0.0379
797,1992-12-28,0.0028,-0.0027,0.0293,0.0095,0.0162,-0.0038,0.0625,0.0003,-0.0168,0.0263,0.0342,0.0148
798,1993-01-28,0.0023,-0.0121,0.045,-0.0067,0.0165,0.0479,0.0118,0.0015,-0.0612,0.0215,0.0296,0.0101
799,1993-02-28,0.0022,-0.0242,-0.0013,0.0151,0.0593,-0.0156,0.048,-0.0175,-0.0951,0.0601,0.0123,0.0033
800,1993-03-28,0.0025,-0.0023,0.0633,0.0158,0.039,0.0159,0.0375,0.0257,0.004,0.0127,0.0305,0.0225
801,1993-04-28,0.0024,-0.0939,0.0313,-0.0085,0.0189,-0.0512,-0.027,-0.0812,0.0134,-0.0038,-0.0362,-0.0279
802,1993-05-28,0.0022,0.0242,0.017,0.0226,0.016,0.0809,0.0546,0.0531,0.0367,-0.0033,0.0136,0.0272
803,1993-06-28,0.0025,-0.0115,0.0417,-0.0098,-0.0073,-0.0084,0.039,-0.033,-0.0321,0.0269,0.0212,0.0026
804,1993-07-28,0.0024,-0.0291,0.0222,-0.0123,0.0055,-0.0446,0.0211,0.0078,-0.0579,0.0179,0.0162,-0.0032
805,1993-08-28,0.0025,0.0353,0.0103,0.0392,0.0373,0.059,0.0539,0.0415,0.0237,0.0331,0.0336,0.0368
806,1993-09-28,0.0026,-0.0122,0.002,-0.0184,0.0075,0.0122,-0.0164,-0.0073,0.0089,-0.0101,0.0111,-0.002
807,1993-10-28,0.0022,0.0588,0.0489,0.027,-0.0157,0.0133,0.023,0.0396,0.0537,-0.02,-0.021,0.0159
808,1993-11-28,0.0025,0.0038,-0.0113,0.0102,-0.0625,0.0022,-0.0565,0.0068,0.0094,-0.0563,-0.0366,-0.0198
809,1993-12-28,0.0023,0.0098,0.0464,0.0267,0.0099,0.0271,-0.0084,-0.0222,0.0254,0.018,0.0195,0.0171
810,1994-01-28,0.0025,-0.0053,0.0572,0.0422,0.0459,0.0448,0.0239,0.0144,0.0221,-0.0134,0.0343,0.0288
811,1994-02-28,0.0021,-0.0164,-0.0281,-0.0088,-0.0305,0.0089,-0.0614,0.0142,-0.0578,-0.0512,-0.0405,-0.0262
812,1994-03-28,0.0027,-0.0413,-0.0523,-0.0506,-0.0457,-0.0455,-0.0415,-0.0523,-0.0639,-0.0421,-0.0409,-0.0484
813,1994-04-28,0.0027,0.0037,-0.0304,0.0054,0.0319,-0.0079,0.0022,0.0007,0.0147,0.0155,0.0186,0.0071
814,1994-05-28,0.0032,-0.0134,0.0003,0.0149,0.0022,0.0088,0.0192,-0.0186,0.0497,-0.0587,0.0234,0.0063
815,1994-06-28,0.0031,-0.0185,-0.0417,-0.0299,-0.0259,-0.0538,0.0008,-0.0286,-0.0376,-0.0369,-0.0254,-0.0305
816,1994-07-28,0.0028,0.0281,0.0606,0.036,0.028,0.0248,0.0268,0.0032,0.0157,0.0456,0.0257,0.0276
817,1994-08-28,0.0037,0.0583,-0.0068,0.0508,-0.0033,0.0916,0.0117,0.0425,0.1157,0.0035,0.0237,0.0391
818,1994-09-28,0.0037,-0.0067,-0.0368,-0.0216,-0.0267,-0.007,-0.0049,-0.0244,0.0165,-0.0324,-0.0474,-0.0224
819,1994-10-28,0.0038,0.0153,0.0061,-0.0005,0.0716,0.0607,0.0023,0.0063,0.0036,0.0139,-0.0005,0.0111
820,1994-11-28,0.0037,-0.0208,-0.0515,-0.0542,-0.0505,-0.027,-0.0657,-0.0357,-0.0019,-0.0077,-0.0536,-0.0408
821,1994-12-28,0.0044,0.01,0.0539,0.0238,-0.0087,0.02,0.0009,-0.0291,-0.0013,0.0046,0.0069,0.0084
822,1995-01-28,0.0042,0.0148,-0.0283,-0.0058,0.0032,-0.0114,0.024,0.0096,0.0558,0.0558,0.0447,0.0164
823,1995-02-28,0.004,0.0255,0.0392,0.0498,0.0425,0.068,0.0168,0.0211,0.0152,0.0072,0.0409,0.0356
824,1995-03-28,0.0046,0.0259,-0.0061,0.0331,0.0475,0.049,-0.0002,0.0299,0.0241,-0.0232,0.0126,0.0224
825,1995-04-28,0.0044,0.0137,0.0325,0.0248,0.0198,0.0738,0.0096,-0.0213,0.0089,0.0179,0.0186,0.0205
826,1995-05-28,0.0054,0.0444,0.0392,0.0261,0.0323,0.0227,0.0047,0.0212,0.0138,0.0556,0.0346,0.0287
827,1995-06-28,0.0047,0.0095,0.008,0.0228,-0.0336,0.0927,0.0396,0.0464,0.0384,-0.0106,0.016,0.0261
828,1995-07-28,0.0045,0.007,0.0387,0.0255,0.0236,0.0733,0.0471,0.0342,0.0524,-0.0091,0.0423,0.0362
829,1995-08-28,0.0047,0.0008,-0.0052,-0.0069,-0.0165,-0.0018,0.0373,-0.03,0.0057,0.0034,0.0323,0.0046
830,1995-09-28,0.0043,0.0603,0.0274,0.0125,0.0105,0.0062,0.0621,0.0255,0.0718,0.0559,0.0381,0.0321
831,1995-10-28,0.0047,-0.0027,-0.0549,-0.0288,-0.0074,0.0165,-0.0139,-0.0583,0.0099,0.0128,-0.0226,-0.0158
832,1995-11-28,0.0042,0.0407,0.0367,0.0658,0.0407,-0.0146,0.0233,0.0522,0.052,0.0118,0.0545,0.0388
833,1995-12-28,0.0049,0.0088,0.0303,0.0031,0.0571,-0.0418,0.028,-0.0122,0.0498,0.0446,0.0101,0.0105
834,1996-01-28,0.0043,0.0243,0.0317,0.0215,-0.0017,0.0209,0.0042,-0.004,0.0551,0.0139,0.0305,0.0238
835,1996-02-28,0.0039,0.0284,0.0003,0.0075,0.0095,0.0638,-0.0265,0.0342,-0.0135,-0.0303,0.0137,0.0122
836,1996-03-28,0.0039,-0.0169,0.0337,0.0284,0.0466,-0.0348,-0.023,0.0575,-0.0007,-0.0102,0.0106,0.0073
837,1996-04-28,0.0046,-0.004,0.0237,0.0141,0.0317,0.0947,0.0189,0.039,-0.0122,-0.0308,0.0007,0.0205
838,1996-05-28,0.0042,0.0591,0.0452,0.0108,0.0011,0.0334,-0.0026,0.0398,0.0326,0.0107,0.0099,0.0225
839,1996-06-28,0.004,0.0256,-0.0218,-0.0109,0.0048,-0.0585,-0.0065,-0.0214,-0.0094,0.0475,-0.0007,-0.0117
840,1996-07-28,0.0045,-0.0435,-0.0582,-0.0442,-0.0507,-0.0806,-0.0971,-0.0768,-0.0696,-0.0601,-0.0463,-0.0579
841,1996-08-28,0.0041,-0.017,0.0163,0.033,0.0267,0.0408,-0.0064,0.0554,0.0411,0.022,0.0302,0.0281
842,1996-09-28,0.0044,0.0375,0.039,0.0515,0.0333,0.0971,0.0335,0.031,0.0715,0.0034,0.0439,0.0486
843,1996-10-28,0.0042,0.0116,0.0085,0.0036,0.0532,-0.0109,-0.0371,-0.0317,-0.0136,0.0353,0.0407,0.0097
844,1996-11-28,0.0041,0.0499,0.0796,0.0555,0.0523,0.1059,0.0762,0.0237,0.0641,0.0198,0.066,0.0616
845,1996-12-28,0.0046,0.0023,-0.0264,-0.0035,0.0,-0.0319,0.0144,-0.035,-0.0298,-0.0063,-0.0216,-0.016
846,1997-01-28,0.0045,0.054,0.0422,0.0345,0.0373,0.0839,0.0175,0.0093,0.0924,0.0043,0.0536,0.0485
847,1997-02-28,0.0039,0.0425,-0.0251,0.0059,-0.0648,-0.074,0.0079,0.0262,0.007,-0.0085,0.0207,-0.0048
848,1997-03-28,0.0043,-0.056,-0.0392,-0.0402,0.047,-0.0645,-0.0776,-0.0231,-0.0772,-0.039,-0.0605,-0.0487
849,1997-04-28,0.0043,0.0488,0.052,0.044,-0.0004,0.0752,0.0182,0.0148,0.057,-0.0176,0.0451,0.0382
850,1997-05-28,0.0049,0.0525,0.0835,0.0676,0.071,0.0946,0.086,0.0569,0.0652,0.0337,0.0534,0.0664
851,1997-06-28,0.0037,0.0309,0.0547,0.0431,0.0155,0.0052,0.0342,0.0468,0.0822,0.0275,0.0468,0.0405
852,1997-07-28,0.0043,0.0323,0.0823,0.0677,0.0686,0.1491,0.0468,0.0738,0.0191,0.0228,0.0818,0.072
853,1997-08-28,0.0041,-0.0712,-0.0588,-0.0462,-0.0024,-0.0121,-0.037,-0.0302,-0.0671,-0.0171,-0.0494,-0.0406
854,1997-09-28,0.0044,0.0515,0.069,0.021,0.0636,0.0283,0.1008,0.0501,0.0612,0.0449,0.0723,0.0536
855,1997-10-28,0.0042,-0.0367,-0.0459,-0.0633,-0.0237,-0.0861,0.0325,-0.0294,-0.0018,0.0021,-0.031,-0.0383
856,1997-11-28,0.0039,0.0604,0.0554,0.0245,-0.0432,0.0138,0.0676,0.052,0.0251,0.0653,0.0306,0.0272
857,1997-12-28,0.0048,0.0318,0.0177,-0.0026,-0.0163,-0.0508,0.0439,-0.0052,0.0296,0.0787,0.0411,0.0132
858,1998-01-28,0.0043,-0.0331,0.0277,-0.0046,-0.0644,0.0459,0.0549,0.0072,0.0522,-0.0478,-0.0208,0.0001
859,1998-02-28,0.0039,0.0467,0.0596,0.0792,0.0638,0.0937,0.0454,0.0968,0.0527,0.0235,0.0742,0.0689
860,1998-03-28,0.0039,0.0564,0.0755,0.0346,0.0436,0.0028,0.1087,0.0619,0.0327,0.0657,0.0559,0.0475
861,1998-04-28,0.0043,-0.0383,0.0025,0.0089,0.0376,0.0383,-0.0053,-0.0063,0.0162,-0.0267,0.0108,0.0066
862,1998-05-28,0.004,0.006,0.0129,-0.03,-0.0483,-0.0695,-0.0359,0.014,-0.0291,-0.0131,-0.0316,-0.0295
863,1998-06-28,0.0041,0.0366,0.0513,-0.0284,-0.0198,0.0787,0.0564,0.0439,0.0593,0.0271,0.025,0.0286
864,1998-07-28,0.004,-0.0421,-0.0157,-0.0664,-0.0817,-0.004,0.0601,-0.0353,-0.0075,-0.0566,-0.0239,-0.0272
865,1998-08-28,0.0043,-0.1353,-0.1399,-0.1589,-0.119,-0.1786,-0.178,-0.1404,-0.1304,0.017,-0.1983,-0.1611
866,1998-09-28,0.0046,0.0095,0.0153,0.0119,0.1176,0.1572,0.0847,0.0109,0.1154,0.0758,0.025,0.0595
867,1998-10-28,0.0032,0.1079,0.1091,0.1102,0.005,0.0507,0.0742,0.103,0.0378,-0.0176,0.0803,0.0711
868,1998-11-28,0.0031,0.0605,0.0384,0.0324,-0.0029,0.1198,0.0313,0.081,0.0583,0.0118,0.0596,0.0586
869,1998-12-28,0.0038,0.0008,0.103,-0.0046,-0.0269,0.1431,0.1893,0.0889,0.0463,0.0236,0.0298,0.0594
870,1999-01-28,0.0035,-0.0405,0.0508,-0.0079,-0.0625,0.1526,0.1105,0.0167,-0.0012,-0.0722,0.0063,0.0347
871,1999-02-28,0.0035,-0.0443,-0.0537,-0.0159,-0.0396,-0.1184,-0.0483,-0.0144,-0.001,-0.0446,-0.005,-0.0415
872,1999-03-28,0.0043,-0.0266,0.0777,0.0241,0.1383,0.0789,0.0236,0.0214,0.0221,-0.0249,0.0077,0.0332
873,1999-04-28,0.0037,0.0343,-0.0069,0.1325,0.1509,0.0132,0.0744,-0.0021,-0.0598,0.0711,0.0707,0.0447
874,1999-05-28,0.0034,0.0118,-0.0388,-0.0343,-0.027,-0.0099,-0.0058,-0.0278,-0.0237,0.0604,-0.0375,-0.0239
875,1999-06-28,0.004,-0.0017,0.0661,0.0232,-0.0078,0.1048,0.0521,0.0773,0.0397,-0.0382,0.0339,0.0472
876,1999-07-28,0.0038,-0.028,-0.0431,-0.0175,0.0192,-0.0129,-0.0315,-0.0513,-0.0488,-0.0044,-0.0616,-0.0345
877,1999-08-28,0.0039,-0.0316,0.0157,-0.0125,0.0108,0.0541,-0.0704,-0.0673,0.0309,0.0027,-0.0585,-0.0135
878,1999-09-28,0.0039,-0.0842,0.01,-0.058,-0.0401,-0.0038,0.0162,0.0049,-0.0775,-0.0447,-0.0379,-0.0268
879,1999-10-28,0.0039,0.0563,0.0956,0.0051,-0.0296,0.0359,0.0716,0.0325,0.1028,0.0183,0.1027,0.058
880,1999-11-28,0.0036,-0.0031,-0.0258,-0.0069,0.0375,0.1187,0.079,0.031,0.0101,-0.073,-0.0285,0.032
881,1999-12-28,0.0044,-0.0528,0.1299,0.0638,-0.0062,0.2083,0.054,0.069,-0.0646,-0.0136,0.0021,0.0783
882,2000-01-28,0.0041,-0.0705,-0.1116,-0.057,-0.0171,-0.0478,-0.0749,-0.113,0.0689,0.0493,-0.0386,-0.0443
883,2000-02-28,0.0043,-0.0896,-0.0285,-0.0497,-0.0543,0.1789,0.0111,-0.0485,-0.0397,-0.0724,-0.085,0.0255
884,2000-03-28,0.0047,0.048,0.1503,0.0471,0.1263,0.0353,0.0256,0.136,0.0071,0.0519,0.1479,0.0513
885,2000-04-28,0.0046,-0.0047,0.0205,-0.0038,-0.0101,-0.1103,-0.088,-0.0471,0.0492,0.0853,-0.0381,-0.0624
886,2000-05-28,0.005,0.1019,-0.0421,-0.0221,0.098,-0.1123,-0.1044,-0.0326,0.0352,0.0319,0.011,-0.0427
887,2000-06-28,0.004,0.0265,-0.0358,-0.0157,-0.0606,0.1261,0.0717,-0.0237,0.0998,-0.0473,-0.0439,0.0467
888,2000-07-28,0.0048,0.0053,-0.0179,-0.013,-0.0281,-0.0491,-0.102,-0.0159,-0.0647,0.0466,0.0546,-0.0223
889,2000-08-28,0.005,-0.0225,0.1307,0.0704,0.0806,0.1224,-0.0047,-0.0343,0.0339,0.1272,0.07,0.0709
890,2000-09-28,0.0051,0.0302,-0.0275,-0.0671,0.0367,-0.1475,-0.0996,0.0196,0.0338,0.0943,0.0056,-0.0564
891,2000-10-28,0.0056,0.0701,-0.0276,0.013,-0.0365,-0.0703,-0.067,-0.0171,0.02,-0.0446,-0.004,-0.0298
892,2000-11-28,0.0051,0.024,-0.1139,-0.0432,-0.0364,-0.2273,-0.1917,-0.0141,0.0027,0.021,-0.0642,-0.1064
893,2000-12-28,0.005,0.0482,-0.019,0.0633,0.0734,-0.0828,-0.0591,0.0506,0.0318,0.0654,0.0747,0.0144
894,2001-01-28,0.0054,-0.0308,-0.0015,-0.0047,-0.0354,0.146,0.1852,0.0638,-0.0944,-0.1038,0.0024,0.033
895,2001-02-28,0.0039,-0.0014,-0.0021,-0.0525,-0.0048,-0.2538,-0.1415,-0.0561,-0.0082,0.0493,-0.0566,-0.1017
896,2001-03-28,0.0044,-0.0477,-0.0897,-0.0715,-0.0092,-0.1422,-0.0845,-0.0326,-0.087,0.0077,-0.0382,-0.0734
897,2001-04-28,0.0039,0.0072,0.1391,0.0802,0.0994,0.1748,0.0281,0.0509,0.0379,0.0453,0.0391,0.0794
898,2001-05-28,0.0032,0.03,-0.0072,0.0226,-0.0024,-0.0334,-0.0206,0.0168,0.0234,-0.0067,0.0377,0.0076
899,2001-06-28,0.0028,-0.0203,-0.0083,-0.0437,-0.0794,0.0132,-0.0499,-0.0257,-0.0287,-0.064,-0.0017,-0.0201
900,2001-07-28,0.003,-0.0029,-0.0754,0.0011,-0.0315,-0.0756,-0.0037,0.0444,0.0241,-0.0455,-0.0156,-0.0208
901,2001-08-28,0.0031,0.0197,-0.0837,-0.0255,-0.0472,-0.1296,-0.0993,-0.0633,-0.0311,-0.0083,-0.0559,-0.0622
902,2001-09-28,0.0028,-0.0333,-0.1163,-0.1294,-0.0646,-0.1871,-0.0186,-0.0935,-0.0087,-0.0957,-0.0769,-0.0935
903,2001-10-28,0.0022,0.0095,-0.0182,0.0331,0.0262,0.1485,-0.0961,0.0189,0.01,0.0168,-0.0094,0.025
904,2001-11-28,0.0017,0.0203,0.0839,0.0825,-0.0591,0.1544,0.0489,0.1095,0.0473,-0.0165,0.0785,0.0765
905,2001-12-28,0.0015,0.0174,0.0276,0.023,0.059,-0.0063,0.026,0.0437,-0.0302,0.0322,0.0306,0.0161
906,2002-01-28,0.0015,0.0108,-0.0558,0.01,-0.0289,-0.0076,-0.0814,0.0245,-0.0238,-0.0433,-0.0239,-0.0177
907,2002-02-28,0.0015,0.0427,0.0407,0.0369,0.049,-0.1293,-0.0336,-0.0025,-0.0065,-0.0162,-0.0124,-0.0228
908,2002-03-28,0.0015,0.0388,-0.0059,0.0514,0.0787,0.0651,-0.0036,0.0213,-0.0007,0.1004,0.0577,0.0425
909,2002-04-28,0.0015,0.0246,-0.109,-0.0239,-0.0462,-0.1166,-0.1382,-0.0185,-0.0708,-0.0103,-0.0265,-0.0506
910,2002-05-28,0.0015,0.0121,-0.0098,-0.0032,-0.0042,-0.0379,0.0188,-0.0161,-0.0262,-0.073,0.0,-0.0122
911,2002-06-28,0.0015,-0.0599,-0.0741,-0.0405,-0.0098,-0.121,-0.1429,-0.0542,-0.0933,-0.0538,-0.0604,-0.0716
912,2002-07-28,0.0015,-0.0653,0.0288,-0.0768,-0.1226,-0.1055,-0.115,-0.1155,-0.0358,-0.1287,-0.0781,-0.0826
913,2002-08-28,0.0014,0.0215,-0.0462,-0.0104,0.0066,-0.0062,0.0073,0.0187,0.0035,0.0338,0.0161,0.0063
914,2002-09-28,0.0014,-0.0792,-0.1603,-0.0885,-0.0799,-0.1634,-0.1032,-0.0979,-0.0565,-0.1128,-0.0988,-0.1012
915,2002-10-28,0.0014,0.0484,-0.0002,0.0415,0.0264,0.1937,0.2189,0.0544,0.0517,-0.011,0.071,0.0731
916,2002-11-28,0.0012,-0.012,0.0921,0.0574,0.0314,0.1568,0.1159,0.014,0.0358,0.0169,0.0433,0.0601
917,2002-12-28,0.0011,-0.0025,-0.0885,-0.038,0.0089,-0.1313,-0.0958,-0.0698,-0.0409,0.0369,-0.0455,-0.0545
918,2003-01-28,0.001,-0.0417,-0.0423,-0.0407,-0.0261,-0.022,-0.0378,-0.0495,-0.0052,-0.0327,-0.0216,-0.0241
919,2003-02-28,0.0009,-0.0294,0.0173,-0.0198,0.016,0.006,-0.0708,-0.0127,-0.0231,-0.0428,-0.0344,-0.0161
920,2003-03-28,0.001,-0.0296,0.0338,0.0128,0.0094,-0.0117,-0.0027,0.0441,0.036,0.0432,0.0035,0.0093
921,2003-04-28,0.001,0.045,0.1527,0.0631,-0.0063,0.096,0.113,0.0862,0.042,0.0754,0.1111,0.0815
922,2003-05-28,0.0009,0.0953,-0.0085,0.0467,0.0886,0.0973,0.0736,0.0301,0.0381,0.1021,0.0578,0.0622
923,2003-06-28,0.001,0.0156,0.0149,0.0028,-0.011,0.0047,0.0168,0.035,0.0417,0.0043,0.0073,0.0154
924,2003-07-28,0.0007,-0.018,0.0064,0.0488,-0.0223,0.0545,-0.0276,0.0297,0.0041,-0.051,0.0393,0.0223
925,2003-08-28,0.0007,0.003,0.0497,0.0434,0.0616,0.0601,0.0128,0.0644,-0.0297,0.0137,0.0031,0.0247
926,2003-09-28,0.0008,0.0095,-0.0004,-0.0405,-0.0256,-0.0102,-0.0568,-0.0457,0.002,0.0394,0.0,-0.0101
927,2003-10-28,0.0007,0.0587,0.0054,0.0884,0.0182,0.0788,0.0692,0.0897,0.0092,0.0152,0.0706,0.0595
928,2003-11-28,0.0007,0.0365,0.0018,0.0188,0.0091,0.0185,-0.0115,0.0064,0.0186,0.0096,0.0114,0.0158
929,2003-12-28,0.0008,0.0344,0.0986,0.0658,0.1305,0.0224,0.0709,-0.022,0.0556,0.0583,0.0405,0.0447
930,2004-01-28,0.0007,-0.0026,0.052,-0.0104,0.0016,0.0391,0.0202,0.0048,0.0308,0.0199,0.026,0.0224
931,2004-02-28,0.0006,0.0413,-0.0198,0.0197,0.0461,-0.0306,-0.0139,0.0613,0.011,0.0189,0.0262,0.0149
932,2004-03-28,0.0009,-0.0011,-0.042,-0.0012,-0.0037,-0.0271,-0.022,0.0024,-0.0385,0.0085,-0.0036,-0.0116
933,2004-04-28,0.0008,0.0139,-0.014,-0.0052,0.0179,-0.0483,0.0015,-0.0277,0.0321,-0.0377,-0.0382,-0.025
934,2004-05-28,0.0006,-0.0207,0.0206,0.0179,0.0038,0.0438,-0.0315,0.0001,-0.0038,0.0101,0.0166,0.0135
935,2004-06-28,0.0008,0.0155,0.0442,0.0505,0.0538,0.0269,0.0013,-0.0016,-0.0066,0.0196,0.0117,0.0208
936,2004-07-28,0.001,-0.0645,-0.0044,-0.0414,0.0317,-0.0842,-0.0141,-0.0329,-0.0592,0.0087,-0.0309,-0.0387
937,2004-08-28,0.0011,0.0095,-0.0211,0.0076,-0.0117,-0.0443,0.0101,-0.0134,0.0149,0.0355,0.0216,0.0016
938,2004-09-28,0.0011,-0.0227,0.034,0.0175,0.0873,0.0305,0.0166,0.0235,-0.0114,0.0129,0.0072,0.0195
939,2004-10-28,0.0011,0.0221,0.0001,-0.0141,0.0081,0.0455,0.0275,0.0369,-0.0242,0.0414,0.0108,0.0167
940,2004-11-28,0.0015,0.0446,0.0469,0.069,0.0628,0.0568,0.0362,0.0326,0.0113,0.0458,0.0457,0.0468
