Date,T-bill(cont.comp),Canada,Japan,France,Germany,Italy,Switzerland,UK,US,World
1970-01-28,0.005781,0.018682,-0.021638,0.032262,-0.054148,0.035202,-0.031258,-0.013188,-0.077818,-0.061248
1970-02-28,0.006167,0.038207,0.006099,-0.034104,-0.035451,-0.03341,-0.02323,-0.059782,0.049322,0.025046
1970-03-28,0.005542,0.004649,0.035065,-0.017241,0.003254,0.029835,-0.006393,0.018894,-0.000361,-0.002447
1970-04-28,0.005286,-0.119642,-0.126355,-0.064932,-0.051494,-0.00818,-0.100491,-0.107588,-0.092576,-0.098742
1970-05-28,0.005546,-0.10059,-0.032185,-0.032827,-0.099431,-0.100197,-0.031242,-0.055924,-0.062792,-0.068647
1970-06-28,0.005546,0.04472,0.012748,-0.029776,-0.042472,-0.052807,-0.000288,0.039476,-0.047203,-0.030191
1970-07-28,0.004886,0.066683,-0.002783,0.052215,0.055987,0.022669,0.033287,0.032145,0.069406,0.057106
1970-08-28,0.00502,0.040362,-0.015772,-0.010091,0.006706,-0.004817,0.038766,-0.007552,0.035219,0.027934
1970-09-28,0.005034,0.060196,-0.016595,-0.033939,-0.021369,-0.029678,-0.048041,0.053303,0.028225,0.027251
1970-10-28,0.004954,-0.018873,0.007937,0.008914,-0.019972,-0.049665,-0.017732,-0.007481,-0.012902,-0.019726
1970-11-28,0.004489,0.043088,-0.033256,-0.013655,-0.040781,-0.024426,-0.044847,-0.073057,0.049612,0.017901
1970-12-28,0.003786,0.023159,0.004235,0.015038,-0.033865,-0.03985,0.03032,0.058482,0.053313,0.045786
1971-01-28,0.003777,0.02925,0.050974,0.045992,0.139689,0.00895,0.085735,-0.000988,0.04192,0.042174
1971-02-28,0.003344,-0.004988,0.042603,-0.010495,0.039294,0.02555,0.002124,-0.021778,0.006532,0.007196
1971-03-28,0.002924,-0.029453,0.07962,-0.023033,0.006371,-0.03765,0.049544,0.082949,0.037436,0.040952
1971-04-28,0.002804,0.067079,0.048995,-0.004113,-0.063828,-0.035806,0.025592,0.107888,0.035762,0.029885
1971-05-28,0.003127,-0.030378,-0.010234,0.050188,0.044261,-0.069174,-0.041101,0.033638,-0.042257,-0.026812
1971-06-28,0.003505,-0.009477,0.092197,-0.023576,-0.001472,-0.005859,0.043555,0.013591,0.003062,0.006645
1971-07-28,0.004272,-0.002267,-0.017187,0.023155,0.047618,-0.041513,0.01782,0.062777,-0.040169,-0.020267
1971-08-28,0.004446,0.035151,-0.053824,-0.033147,-0.023454,-0.029586,0.00638,0.009217,0.036477,0.01737
1971-09-28,0.00363,-0.012359,0.029477,-0.089316,-0.014658,-0.043333,-0.039039,-0.002664,-0.016329,-0.013143
1971-10-28,0.003855,-0.051888,-0.043164,-0.069671,-0.079438,0.015779,-0.078513,-0.029817,-0.039835,-0.041801
1971-11-28,0.003506,-0.006556,0.066115,0.063616,0.023063,-0.026675,0.100884,0.022545,0.000387,0.00494
1971-12-28,0.003152,0.112427,0.125451,0.035657,0.07088,0.068957,0.03723,0.074561,0.059313,0.086919
1972-01-28,0.00285,0.043629,0.075253,0.063977,0.069799,0.03448,0.081174,0.05226,0.017243,0.033751
1972-02-28,0.002659,0.031024,0.088542,0.065095,0.081266,-0.067329,0.04783,0.058536,0.025349,0.035702
1972-03-28,0.00259,-0.000593,0.051035,0.117561,0.049067,0.015379,0.02379,-0.001392,0.013011,0.011288
1972-04-28,0.002962,0.002084,0.047436,0.024098,-0.029018,0.050895,-0.006159,0.030157,-0.001339,0.010302
1972-05-28,0.002942,0.051457,0.0831,0.054652,0.026592,0.030073,0.07108,-0.022399,-0.004032,0.017425
1972-06-28,0.0028,0.01747,0.037083,-0.041639,-0.018491,0.003573,-0.075274,-0.094854,-0.020697,-0.026013
1972-07-28,0.003084,-0.006155,0.082284,0.064633,0.053986,-0.023865,0.065589,0.053217,-0.008714,0.012359
1972-08-28,0.002988,0.066044,0.021684,0.004829,-0.025577,0.002948,0.029206,0.003144,0.03352,0.025415
1972-09-28,0.003546,-0.009116,0.04177,-0.0175,-0.03948,-0.015166,-0.009145,-0.113303,-0.001913,-0.018769
1972-10-28,0.003891,-0.024501,0.028284,-0.044728,-0.024137,0.017387,-0.014218,-0.006756,0.009174,0.004369
1972-11-28,0.003739,0.043215,0.174284,-0.070032,0.01095,0.087367,-0.036934,0.066683,0.034834,0.048743
1972-12-28,0.004185,0.036999,0.081925,-0.027471,-0.020512,-0.035049,0.045036,-0.018835,0.012504,0.014128
1973-01-28,0.00441,-0.006069,0.012335,0.065931,0.059074,-0.075862,0.038089,-0.068317,-0.028082,-0.002121
1973-02-28,0.004277,-0.025492,0.079736,0.128759,0.082452,0.12806,0.074656,0.00947,-0.050872,0.002623
1973-03-28,0.00475,-0.002496,-0.002133,0.051872,0.050873,0.089378,-0.018638,-0.005946,-0.016375,-0.003365
1973-04-28,0.005002,-0.047888,-0.115857,0.06305,-0.057964,-0.00071,-0.056861,0.006694,-0.043258,-0.055403
1973-05-28,0.005098,-0.044031,0.020685,0.02448,-0.064131,0.099746,0.095643,0.02606,-0.020751,-0.008092
1973-06-28,0.005379,0.015392,0.012233,0.033651,0.10566,0.129612,0.044295,-0.010087,-0.003876,0.000892
1973-07-28,0.00654,0.048984,0.054023,-0.066793,-0.041545,-0.221144,-0.076654,-0.080154,0.032939,0.017277
1973-08-28,0.006855,-0.00929,-0.054258,-0.084449,-0.041977,0.087146,-0.054088,-0.062306,-0.040031,-0.048515
1973-09-28,0.006749,0.026682,-0.060641,0.01654,-0.002772,-0.036739,0.045502,0.008925,0.029109,0.022164
1973-10-28,0.006856,0.067356,-0.012018,0.010204,0.052016,0.026662,0.010273,0.028651,-0.002449,0.003209
1973-11-28,0.005529,-0.101845,-0.142998,-0.185445,-0.1759,-0.128322,-0.151645,-0.154555,-0.111474,-0.13521
1973-12-28,0.006961,-0.014605,-0.062136,-0.058262,-0.053692,-0.007357,-0.03629,-0.061701,0.010684,-0.015205
1974-01-28,0.006274,0.025406,-0.011801,-0.005367,0.042643,-0.041588,0.023566,-0.048581,-0.023317,0.001373
1974-02-28,0.005819,0.033021,0.034734,0.047458,-0.036127,0.010012,-0.026254,0.063524,-0.006855,0.009722
1974-03-28,0.005677,-0.028836,0.01116,-0.070407,0.049424,0.180078,0.042158,-0.166085,-0.03007,-0.031016
1974-04-28,0.007949,-0.079021,0.006877,-0.05214,0.071358,-0.070347,-0.012108,0.072561,-0.046366,-0.024642
1974-05-28,0.007235,-0.084583,0.028744,-0.051287,-0.068681,-0.127293,-0.138128,-0.108877,-0.038158,-0.047526
1974-06-28,0.006892,-0.041313,-0.042211,-0.08508,-0.042037,-0.113488,0.023264,-0.102041,-0.023668,-0.038353
1974-07-28,0.006756,0.009604,-0.106234,0.029692,-0.027002,-0.000746,0.029568,-0.070477,-0.08615,-0.066001
1974-08-28,0.00594,-0.104048,-0.116074,-0.127802,-0.027708,-0.145489,-0.129287,-0.151781,-0.096488,-0.102459
1974-09-28,0.007997,-0.109794,0.002792,-0.162351,-0.052545,-0.080564,-0.099301,-0.125263,-0.124233,-0.101292
1974-10-28,0.005254,0.104314,-0.088646,0.081546,0.053118,0.006692,0.083224,0.031823,0.171176,0.090442
1974-11-28,0.005139,-0.091086,0.098558,0.027876,0.0902,0.050472,0.012437,-0.158348,-0.051447,-0.02077
1974-12-28,0.007009,-0.000216,-0.047696,0.055644,0.033189,-0.107352,-0.001867,0.0159,-0.027997,-0.023642
1975-01-28,0.005387,0.150409,0.044961,0.261344,0.12377,0.094614,0.239311,0.555053,0.123435,0.140422
1975-02-28,0.004326,0.022997,0.141448,0.019055,0.13111,0.097263,0.057772,0.262406,0.057711,0.083982
1975-03-28,0.004014,-0.032479,0.020841,0.071637,-0.016338,-0.030773,-0.027513,-0.087174,0.019683,0.003305
1975-04-28,0.004489,0.010612,-0.001968,0.087182,0.013711,-0.009305,0.046206,0.150289,0.039914,0.03692
1975-05-28,0.004869,0.016124,-0.009839,-0.029044,-0.063791,-0.027875,-0.017373,0.02836,0.040147,0.018769
1975-06-28,0.004133,0.020962,0.006896,-0.065996,-5.6e-05,-0.120703,-0.009939,-0.160371,0.043308,0.008462
1975-07-28,0.004811,-0.013046,-0.055832,0.001822,-0.010584,-0.126737,-0.058955,-0.050385,-0.072415,-0.060075
1975-08-28,0.004815,-0.013469,-0.049244,-0.008909,-0.054344,-0.008626,-0.050676,0.125001,-0.027355,-0.020314
1975-09-28,0.005575,-0.054403,-0.068886,-0.082403,-0.049641,-0.059817,-0.081617,-0.019388,-0.041206,-0.047522
1975-10-28,0.005185,-0.048525,0.10248,0.068658,0.122518,0.03348,0.144872,0.053188,0.0629,0.063687
1975-11-28,0.004127,0.076488,0.004358,0.039854,0.020051,0.032573,0.0446,-0.022641,0.025483,0.023211
1975-12-28,0.004983,-0.039169,0.006205,-0.01573,0.007478,-0.004314,0.039799,0.042115,-0.015533,-0.004138
1976-01-28,0.004402,0.104218,0.057078,0.012492,0.018115,-0.030799,0.033966,0.09364,0.111663,0.084946
1976-02-28,0.003452,0.050703,0.003483,0.043598,0.013429,-0.005846,-0.008892,-0.036094,-0.014314,-0.010856
1976-03-28,0.004344,-0.016896,-0.004778,-0.0752,0.034878,-0.189349,-0.000413,-0.064518,0.030046,0.007439
1976-04-28,0.00444,0.013323,0.00194,-0.051873,-0.064193,-0.105145,-0.012873,-0.004087,-0.015461,-0.011739
1976-05-28,0.004124,0.002797,0.001338,-0.016233,-0.034479,0.068301,0.00432,-0.108661,-0.015407,-0.020794
1976-06-28,0.004446,-0.010429,0.045488,-0.028603,0.011551,0.06519,0.01545,-0.003351,0.039434,0.026317
1976-07-28,0.00439,-0.018253,-0.023021,-0.086084,-0.013093,0.036385,-0.004493,-0.037087,-0.010346,-0.013755
1976-08-28,0.004745,-0.013367,0.030224,-0.007968,-0.002476,-0.039583,-0.005383,-0.054394,-0.006191,-0.007028
1976-09-28,0.003924,-0.015743,0.001374,-0.067176,0.043775,-0.084325,-0.010597,-0.118339,0.020928,0.004466
1976-10-28,0.004092,-0.040147,-0.056547,-0.076274,-0.065485,-0.136072,-0.039313,-0.135568,-0.023237,-0.039088
1976-11-28,0.00444,-0.129145,-0.015624,-0.038613,0.049526,0.064684,0.005037,0.098682,-0.009076,-0.008376
1976-12-28,0.003579,0.135125,0.148679,0.123617,0.022552,0.034214,0.06587,0.220595,0.04905,0.071617
1977-01-28,0.003594,-0.032891,-0.033543,-0.022656,-0.021348,-0.069993,-0.015005,0.091716,-0.052707,-0.037169
1977-02-28,0.003499,-0.011487,0.047711,-0.047614,-0.018952,-0.020336,-0.028544,0.020196,-0.024304,-0.007894
1977-03-28,0.003769,0.00412,-0.013494,-0.104732,0.029814,-0.020442,0.005993,0.029069,-0.015681,-0.010027
1977-04-28,0.004114,-0.026521,0.014276,-0.023521,0.080899,-0.047588,0.00759,0.029901,-0.001431,0.006808
1977-05-28,0.003855,-0.021739,-0.01019,0.049149,-0.024562,-0.052829,-0.035261,0.021456,-0.02305,-0.017445
1977-06-28,0.003716,0.0384,0.035695,0.067271,-0.023065,0.049317,0.026318,0.027167,0.044442,0.033923
1977-07-28,0.003873,-0.007548,-0.015836,-0.027155,0.029933,-0.07835,0.018583,-0.019428,-0.016708,-0.017287
1977-08-28,0.004993,-0.046451,0.047788,0.069928,0.000676,0.17939,0.032667,0.113843,-0.024198,-0.001311
1977-09-28,0.00433,0.000713,0.009833,0.057078,0.01454,-0.041889,0.058818,0.079226,-0.004248,0.008115
1977-10-28,0.004943,-0.07306,0.014559,0.042103,0.049718,-0.068011,0.032695,0.011623,-0.046859,-0.022038
1977-11-28,0.004959,0.053653,-0.002178,-0.049132,0.014742,-0.057478,0.029707,-0.057695,0.020504,0.007559
1977-12-28,0.0047,0.054476,0.002359,-0.003036,0.044689,-0.012582,0.067202,0.061698,0.000582,0.015129
1978-01-28,0.005374,-0.078041,0.036678,-0.065379,0.007028,0.061736,0.050384,-0.032351,-0.064185,-0.034807
1978-02-28,0.004941,-0.007245,0.03292,0.015471,0.035072,0.063077,0.015611,-0.059478,-0.027859,-0.01264
1978-03-28,0.005017,0.040103,0.124327,0.258476,-0.001443,0.048496,-0.014979,0.0214,0.018717,0.040205
1978-04-28,0.005712,0.01302,-0.012127,0.044923,-0.057237,-0.009881,-0.08264,-0.008134,0.088212,0.039158
1978-05-28,0.005317,0.051338,0.003809,0.050962,0.001128,0.051022,0.028993,0.036185,-0.001827,0.007208
1978-06-28,0.005369,-0.011327,0.088503,-0.015566,0.023425,-0.049655,0.030166,-0.017177,-0.021803,0.004517
1978-07-28,0.005591,0.050248,0.09859,0.142811,0.048353,0.015127,0.052171,0.097437,0.054335,0.066456
1978-08-28,0.00555,0.014227,-0.020531,-0.029753,0.037971,0.078734,0.056993,0.021701,0.0202,0.01735
1978-09-28,0.005964,0.029414,0.016079,0.145607,0.050079,0.241504,0.018666,0.006974,-0.010914,0.005509
1978-10-28,0.007498,-0.052895,0.070038,0.023955,0.093388,-0.040766,0.012926,0.019724,-0.093269,-0.027014
1978-11-28,0.007041,0.050899,-0.099339,-0.118868,-0.121938,-0.119436,-0.120071,-0.055114,0.012358,-0.042465
1978-12-28,0.007372,0.020861,0.041197,0.077598,0.050284,0.005165,0.089838,0.024357,0.009783,0.02517
1979-01-28,0.007882,0.015386,-0.011381,-0.036117,-0.023926,0.030185,0.055466,-0.014114,0.036846,0.017635
1979-02-28,0.007324,0.016414,-0.045899,-0.081967,-0.029423,0.050972,-0.010925,0.078661,-0.042838,-0.026572
1979-03-28,0.008928,0.091991,-0.044603,0.057624,-0.030567,0.003853,-1.5e-05,0.142439,0.046856,0.032866
1979-04-28,0.008489,0.019127,-0.039589,0.039138,-0.025807,-0.067899,-0.019018,0.040355,-0.009516,-0.010053
1979-05-28,0.008161,0.01829,0.006923,-0.072623,-0.059512,0.039655,-0.049848,-0.078561,-0.028594,-0.025578
1979-06-28,0.007858,0.061697,-0.001335,0.14277,-0.0003,-0.001794,0.031394,-0.003265,0.029455,0.02093
1979-07-28,0.00841,-0.055713,-0.011394,-0.007772,0.035527,0.051976,-0.000602,0.000198,0.001498,-0.001012
1979-08-28,0.007506,0.094194,-0.003836,0.066627,0.01241,0.08038,0.018896,0.017362,0.040818,0.032521
1979-09-28,0.007732,0.057097,0.011164,0.149986,0.042279,0.032142,0.076276,0.010433,-0.010533,0.01461
1979-10-28,0.009621,-0.112637,-0.087262,-0.126704,-0.092945,-0.106259,-0.103663,-0.113549,-0.074973,-0.084157
1979-11-28,0.009878,0.079094,-0.050075,0.063899,0.044126,-0.029669,0.016907,0.033594,0.030186,0.020686
1979-12-28,0.010209,0.054534,0.052785,-0.015092,-0.015147,-0.01665,0.00109,-0.011857,0.004697,0.016327
1980-01-28,0.007968,0.138154,0.011797,0.06285,-0.014435,0.083059,-0.004412,0.098743,0.05093,0.052093
1980-02-28,0.010654,0.122632,-0.049814,-0.020587,-0.005824,0.008588,-0.076564,0.046649,-0.022125,-0.010342
1980-03-28,0.012009,-0.232455,-0.040303,-0.172865,-0.166845,-0.113861,-0.170661,-0.144994,-0.101878,-0.119798
1980-04-28,0.012865,0.021029,0.068412,0.095041,0.102031,0.084877,0.129757,0.067407,0.028971,0.052375
1980-05-28,0.007883,0.07884,0.051439,0.057009,0.028149,0.025814,-0.00145,0.000671,0.038754,0.041173
1980-06-28,0.006312,0.066353,0.032499,0.005515,0.032849,0.027989,0.055316,0.119542,0.024696,0.041436
1980-07-28,0.005281,0.035646,-0.055114,-0.047945,0.001127,0.09931,-0.00231,0.023706,0.059702,0.025263
1980-08-28,0.005973,0.010461,0.060302,0.016366,-0.030239,0.090575,0.000281,0.017671,-0.00041,0.013383
1980-09-28,0.008698,-0.015013,0.056889,-0.011879,-0.017563,0.107991,-0.012341,0.019404,0.015134,0.021138
1980-10-28,0.008912,-0.03827,0.015172,0.020919,-0.082435,0.203513,-0.036255,0.077934,0.015005,0.020022
1980-11-28,0.008912,0.031097,-0.041217,-0.029497,-0.003241,-0.076856,-0.026301,-0.027905,0.094084,0.032714
1980-12-28,0.014149,-0.07228,0.055736,-0.089645,-0.056383,-0.014474,-0.023249,-0.059936,-0.050189,-0.036222
1981-01-28,0.009957,-0.019177,0.009543,-0.122726,-0.101537,0.143064,-0.117766,-0.016543,-0.048351,-0.039251
1981-02-28,0.010685,-0.033085,-0.025199,-0.000905,-0.017977,0.045698,-0.011139,-0.043686,0.009168,-0.007972
1981-03-28,0.013157,0.063509,0.046443,0.029673,0.033616,-0.004715,0.009087,-9.2e-05,0.018817,0.022168
1981-04-28,0.010756,-0.031887,0.06179,-0.116583,-0.016266,0.035821,-0.084351,0.013957,-0.030586,-0.010465
1981-05-28,0.010646,0.025163,-0.036551,-0.244035,-0.086568,-0.00184,-0.070257,-0.091565,-0.014801,-0.030358
1981-06-28,0.015158,-0.015288,0.01983,-0.089636,0.020835,-0.219506,0.030417,-0.056856,-0.018647,-0.017134
1981-07-28,0.011915,-0.079413,-0.048942,0.062389,-0.037614,-0.114967,-0.057645,-0.048294,-0.006017,-0.029018
1981-08-28,0.012804,-0.010632,0.025722,0.040648,-0.027691,0.099847,-0.044967,0.030395,-0.071257,-0.032717
1981-09-28,0.012794,-0.158324,-0.107506,0.020849,-0.020727,-0.126174,-0.012105,-0.192843,-0.061283,-0.088185
1981-10-28,0.011685,-0.036739,-0.012883,-0.038376,0.018307,-0.083536,0.069712,0.043677,0.036426,0.018727
1981-11-28,0.01103,0.120965,0.079808,0.058775,0.045225,0.086363,0.080354,0.18099,0.031279,0.063069
1981-12-28,0.008738,-0.057477,0.007253,-0.042789,-0.05287,-0.046835,-0.022045,-0.050664,-0.036622,-0.030165
1982-01-28,0.007306,-0.095434,-0.024235,0.041058,-0.017158,-0.043248,-0.049949,0.039801,-0.02009,-0.022195
1982-02-28,0.009176,-0.086825,-0.088978,0.036246,-0.021735,0.021595,-0.038072,-0.082216,-0.06229,-0.069939
1982-03-28,0.011077,-0.071221,-0.107348,-0.080903,-0.000111,-0.046616,-0.019549,0.00483,-0.018096,-0.038616
1982-04-28,0.01129,-0.019786,0.077479,0.081372,0.024186,-0.04438,-0.01223,0.012761,0.030964,0.037546
1982-05-28,0.009592,-0.03026,-0.04811,-0.020967,-0.031696,-0.093241,-0.045583,0.022481,-0.044307,-0.035027
1982-06-28,0.01071,-0.146315,-0.071212,-0.187903,-0.078141,-0.149705,-0.094652,-0.074893,-0.024891,-0.056127
1982-07-28,0.01021,0.054419,-0.047621,-0.035757,-0.008486,0.053403,-0.006655,0.024705,-0.029686,-0.023318
1982-08-28,0.008342,0.170204,-0.002867,0.016895,-0.035548,0.008402,-0.002849,0.006444,0.113112,0.063958
1982-09-28,0.005118,-0.018214,-0.043528,-0.041165,0.036665,-0.053653,-0.013879,0.041289,0.006652,-0.000686
1982-10-28,0.005475,0.107716,-0.001884,-0.001236,-0.02751,-0.028921,0.040498,0.012121,0.104532,0.06301
1982-11-28,0.007201,0.007244,0.177854,0.034536,0.048609,0.058861,0.069599,-0.035551,0.03037,0.045536
1982-12-28,0.006289,0.084104,0.10712,0.020365,0.109017,0.022855,0.10972,0.007196,0.010518,0.038385
1983-01-28,0.006864,0.023739,-0.048419,0.028019,-0.044085,0.110466,0.008526,-0.022742,0.031967,0.014265
1983-02-28,0.006186,0.03008,0.010117,0.034984,0.078227,0.083819,0.004474,-0.001529,0.01394,0.014595
1983-03-28,0.006326,0.018491,0.033594,0.027687,0.123002,0.040589,-0.011426,0.006846,0.027246,0.028656
1983-04-28,0.006918,0.097056,0.014085,0.031875,0.042397,-0.08477,0.045419,0.133534,0.070598,0.064265
1983-05-28,0.007584,0.01667,-0.005486,0.00711,-0.086246,-0.064945,-0.050831,0.021216,-0.02399,-0.017577
1983-06-28,0.006661,0.014342,0.024937,-0.023698,0.042208,0.000652,0.014651,0.00065,0.031109,0.024546
1983-07-28,0.006917,-0.00171,0.001132,-0.015572,-0.021737,-0.006223,0.013369,-0.043731,-0.040259,-0.024938
1983-08-28,0.008342,-0.003786,-0.020887,0.021788,-0.089232,-0.009479,-0.061054,-0.01822,0.011104,-0.00317
1983-09-28,0.007607,0.005923,0.071108,0.043129,0.045611,-0.032931,0.028789,-0.009834,0.004423,0.012446
1983-10-28,0.007433,-0.06588,-0.012506,-0.009942,0.073109,-0.072824,0.022526,-0.025154,-0.019649,-0.019382
1983-11-28,0.007199,0.079834,0.004958,0.033867,-0.013532,0.014749,0.030587,0.036648,0.013348,0.018443
1983-12-28,0.007039,-0.007413,0.069836,0.018188,-0.00012,-0.01633,0.043451,-0.005971,-0.013456,0.005565
1984-01-28,0.008083,-0.056217,0.038545,0.04675,-0.007701,0.148226,-0.043409,0.030493,-0.020176,1.8e-05
1984-02-28,0.007328,-0.018076,-0.010481,0.016262,0.028085,0.010753,0.007578,0.031942,-0.049761,-0.024015
1984-03-28,0.00728,-0.03771,0.172993,0.008906,-0.004188,0.002217,0.00439,0.031058,0.010205,0.039581
1984-04-28,0.00813,-0.034685,-0.030099,0.047751,-0.044879,-0.061599,-0.016072,-0.013917,0.001243,-0.011959
1984-05-28,0.007898,-0.051168,-0.130974,-0.044147,-0.055262,-0.0522,-0.057652,-0.111354,-0.064943,-0.08304
1984-06-28,0.007534,-0.026785,-0.00302,-0.034761,-0.00111,0.001351,-0.040357,-0.000823,0.012666,0.00091
1984-07-28,0.008755,-0.038849,-0.079537,-0.115354,-0.110126,-0.049604,-0.071836,-0.06833,-0.017595,-0.044133
1984-08-28,0.007963,0.137624,0.077601,0.097949,0.051833,0.048416,0.062593,0.093053,0.099582,0.092171
1984-09-28,0.008293,-0.017896,-0.012738,-0.018035,0.007214,-0.093938,-0.038638,-0.025831,-0.007747,-0.012292
1984-10-28,0.009766,-0.02822,0.039368,0.007071,0.016339,-0.010072,0.007515,-0.015024,-0.005703,0.00068
1984-11-28,0.007334,-0.006959,-0.000711,-0.02903,-0.017909,-0.007562,-0.022458,0.013649,-0.018116,-0.0113
1984-12-28,0.006923,0.008958,0.031209,-0.020335,-0.006549,0.069264,-0.006776,0.006219,0.01722,0.013689
1985-01-28,0.006474,0.073082,-0.011657,0.050807,0.034672,0.125058,0.027056,0.01544,0.072816,0.048451
1985-02-28,0.006033,-0.04812,0.026594,-0.0327,-0.038284,-0.014509,-0.0636,-0.058793,0.004836,-0.004345
1985-03-28,0.00616,0.019053,0.050736,0.118015,0.090926,0.034722,0.081334,0.153414,-0.004431,0.028277
1985-04-28,0.007565,-0.002616,-0.041866,0.016473,0.034761,0.017526,0.035362,0.017197,-0.010769,-0.010589
1985-05-28,0.006062,0.024985,0.028701,0.078237,0.09589,0.087648,0.027392,0.044819,0.054862,0.045055
1985-06-28,0.005546,-0.011733,0.039469,-0.034504,0.080752,0.104381,0.081784,-0.038785,0.008179,0.01203
1985-07-28,0.006196,0.040946,-0.001268,0.015915,0.026748,0.092617,0.124922,0.118244,-0.010123,0.014167
1985-08-28,0.005792,-0.017097,0.018136,0.038385,0.0876,0.05762,0.046883,0.047681,-0.015798,0.002139
1985-09-28,0.006049,-0.069284,0.09996,-0.022184,0.106592,0.104575,-0.0078,-0.041188,-0.03863,0.001149
1985-10-28,0.006021,0.011387,0.025427,0.082363,0.147403,0.032571,0.134466,0.10173,0.038386,0.047521
1985-11-28,0.006156,0.058167,0.008668,0.156671,0.006914,0.105294,0.103481,0.071611,0.06237,0.049466
1985-12-28,0.006139,-0.002888,0.052911,0.091617,0.154955,0.058115,0.095307,-0.046781,0.044476,0.040405
1986-01-28,0.004865,-0.048625,0.02273,0.083145,0.033348,0.077854,-0.036318,-0.004046,0.000504,0.00967
1986-02-28,0.005296,0.006177,0.115102,0.174977,0.049227,0.304023,0.052728,0.114018,0.069526,0.084541
1986-03-28,0.005963,0.083258,0.208527,0.092156,0.028074,0.200379,0.033765,0.083837,0.048964,0.091501
1986-04-28,0.005341,0.012769,0.032653,0.119157,0.13021,0.110587,0.068352,0.053517,-0.020095,0.021894
1986-05-28,0.004934,0.007363,-0.011583,-0.139466,-0.162724,-0.044739,-0.067404,-0.08687,0.043448,-0.008081
1986-06-28,0.005246,-0.02483,0.096271,0.053367,0.03505,-0.100496,0.048295,0.074966,0.006948,0.034605
1986-07-28,0.005011,-0.051838,0.127155,0.106728,-0.012709,0.169974,-0.019216,-0.091226,-0.059205,0.002757
1986-08-28,0.004614,0.035894,0.086264,0.101843,0.173079,0.134027,0.127219,0.058149,0.068415,0.082495
1986-09-28,0.004783,-0.01236,0.020122,-0.081322,-0.06421,-0.100308,-0.046643,-0.088642,-0.090714,-0.044782
1986-10-28,0.004209,0.017133,-0.137643,-0.00539,-0.009326,0.027484,0.004941,0.016342,0.051614,-0.021655
1986-11-28,0.003924,0.006184,0.062338,0.071122,0.08895,-0.016079,0.077152,0.032376,0.018693,0.038109
1986-12-28,0.004767,0.012145,0.068652,0.001518,0.000136,0.013791,0.007093,0.047529,-0.030843,0.014894
1987-01-28,0.004151,0.136617,0.156659,0.104482,-0.075541,0.005381,0.009603,0.109571,0.12774,0.113044
1987-02-28,0.004309,0.043754,0.013591,0.016843,-0.055538,-0.0352,-0.035871,0.116835,0.030789,0.02841
1987-03-28,0.005012,0.088654,0.104506,0.055321,0.043103,0.041848,0.03214,0.045317,0.021146,0.056658
1987-04-28,0.004285,-0.030471,0.153014,0.002201,0.000272,0.081377,-0.011201,0.062521,-0.014111,0.054112
1987-05-28,0.00376,-0.008941,-0.005608,-0.059592,-0.0363,-0.119436,-0.041994,0.052875,0.001088,-0.0026
1987-06-28,0.005031,0.025634,-0.079126,-0.067197,0.060483,-0.019913,0.048884,0.029354,0.04595,-0.00585
1987-07-28,0.004058,0.080365,-0.039096,0.018397,0.035825,-0.014035,0.063982,0.016673,0.042721,0.015684
1987-08-28,0.004744,-0.005073,0.119855,0.046801,0.035335,-0.062971,0.02288,-0.025378,0.033927,0.054125
1987-09-28,0.00482,-0.019142,-0.040202,-0.067801,-0.046168,0.00977,0.0106,0.046473,-0.026855,-0.022463
1987-10-28,0.00604,-0.226822,-0.081111,-0.190443,-0.182128,-0.127892,-0.183006,-0.221398,-0.219001,-0.17608
1987-11-28,0.003366,-0.028621,0.036563,-0.018506,-0.100031,0.024079,-0.057627,-0.048456,-0.088822,-0.027987
1987-12-28,0.002988,0.07187,0.009952,-0.007565,0.016686,-0.051263,0.015296,0.118748,0.066407,0.040025
1988-01-28,0.002762,-0.016416,0.051077,-0.155196,-0.12428,-0.081328,-0.061268,-0.009328,0.039099,0.021344
1988-02-28,0.004564,0.061345,0.070937,0.205169,0.15468,0.05465,0.055737,-0.008252,0.036352,0.053174
1988-03-28,0.004402,0.040847,0.070938,-0.064377,-0.005348,0.03583,-0.020699,0.043392,-0.038784,0.025512
1988-04-28,0.004577,0.011397,0.005811,0.081597,-0.021169,-0.021986,-0.011114,0.022233,0.003627,0.007758
1988-05-28,0.005051,-0.042254,-0.050242,0.060967,-0.016736,-0.110904,-0.037366,-0.033752,0.002567,-0.025313
1988-06-28,0.004832,0.079363,-0.042544,0.006243,-0.002802,0.037762,0.005717,-0.037368,0.040738,-0.006498
1988-07-28,0.00506,-0.023902,0.040769,-0.032705,0.003708,0.024884,-0.023887,0.00476,-0.009097,0.013462
1988-08-28,0.005957,-0.05829,-0.08152,-0.038549,-0.01318,-0.040413,-0.029227,-0.073361,-0.040462,-0.06118
1988-09-28,0.006145,0.015215,0.036894,0.090986,0.067852,0.059208,0.027756,0.042786,0.035596,0.035976
1988-10-28,0.006074,0.026953,0.077352,0.107837,0.099389,0.112851,0.100049,0.073278,0.023621,0.060188
1988-11-28,0.005742,-0.010214,0.083104,0.013893,-0.012022,0.010577,0.012159,0.005191,-0.022095,0.02879
1988-12-28,0.006306,0.022065,-0.000591,0.035911,0.023684,-0.011668,-0.008817,-0.024141,0.009104,0.002454
1989-01-28,0.005766,0.07658,-0.002827,0.003482,-0.053571,-0.033018,-0.034669,0.107441,0.069353,0.030142
1989-02-28,0.00611,-0.037954,0.013203,-0.027554,-0.004983,-0.026932,0.01331,-0.032052,-0.036998,-0.01267
1989-03-28,0.006213,0.004891,-0.04116,0.004586,-0.025061,0.00793,-0.015028,0.000136,0.015364,-0.012904
1989-04-28,0.00681,0.01963,-0.008459,0.033032,0.043053,0.000789,0.023586,0.007278,0.046562,0.015979
1989-05-28,0.008006,-0.000999,-0.064678,-0.037989,-0.043392,-0.055356,-0.074773,-0.077692,0.02966,-0.032812
1989-06-28,0.007147,0.016519,-0.051972,0.01401,0.069801,0.09404,0.143296,0.000989,-0.011765,-0.018722
1989-07-28,0.00704,0.070114,0.125583,0.104084,0.094645,0.099474,0.121581,0.144016,0.083726,0.10566
1989-08-28,0.006684,0.008732,-0.07571,-0.013667,-0.019341,0.015816,-0.00909,-0.029976,0.007618,-0.031152
1989-09-28,0.006387,-0.022435,0.057321,0.051386,0.037256,-0.01371,-0.004679,-0.011805,-0.009338,0.021572
1989-10-28,0.00682,-0.006824,-0.033055,-0.052755,-0.053862,-0.086087,-0.058414,-0.101513,-0.030306,-0.040444
1989-11-28,0.00634,0.003626,0.044653,0.056257,0.096207,0.043988,0.047751,0.047028,0.013474,0.033297
1989-12-28,0.005941,0.013862,-0.007787,0.112888,0.195895,0.070587,0.02502,0.09501,0.01577,0.025929
1990-01-28,0.005852,-0.098118,-0.066021,-0.056784,0.023856,-0.00995,-0.008614,0.000829,-0.071555,-0.052819
1990-02-28,0.005818,-0.00405,-0.109223,-0.031387,-0.02623,-0.052498,-0.003903,-0.03311,0.008157,-0.048985
1990-03-28,0.00638,0.002244,-0.200307,0.058584,0.08987,0.032623,-0.042297,-0.035261,0.016409,-0.067078
1990-04-28,0.006829,-0.081998,0.005769,0.052166,-0.075716,0.018813,-0.020175,-0.071022,-0.028064,-0.021578
1990-05-28,0.006404,0.066834,0.136704,0.013545,0.005374,0.056683,0.159647,0.142539,0.085162,0.098561
1990-06-28,0.005898,-0.009856,-0.052593,-0.020973,0.037004,0.013252,0.011622,0.053588,-0.010394,-0.013334
1990-07-28,0.006704,0.013596,-0.020216,0.002169,0.065825,0.00168,0.008473,0.036406,-0.009028,0.002085
1990-08-28,0.006154,-0.057408,-0.103471,-0.133846,-0.154888,-0.150027,-0.113897,-0.059374,-0.098438,-0.100078
1990-09-28,0.005984,-0.05065,-0.169649,-0.111689,-0.182777,-0.125266,-0.123745,-0.094813,-0.053248,-0.111787
1990-10-28,0.006559,-0.03773,0.235868,0.103357,0.122525,0.038957,0.053783,0.074203,-0.010566,0.086387
1990-11-28,0.005651,0.021007,-0.125824,-0.01625,0.01421,-0.106656,-0.025961,0.048785,0.059089,-0.022443
1990-12-28,0.005989,0.036873,0.041001,-0.054613,-0.042184,0.025358,-0.004527,-0.013338,0.020912,0.014572
1991-01-28,0.004637,-0.005055,0.023788,0.034027,0.022281,-0.031568,0.051098,0.033286,0.042197,0.031569
1991-02-28,0.004767,0.061771,0.121335,0.090417,0.06523,0.14458,0.062969,0.076384,0.063528,0.08745
1991-03-28,0.004391,-0.006315,-0.066575,-0.077566,-0.138506,-0.098995,-0.052944,-0.056832,0.019214,-0.03418
1991-04-28,0.005335,0.005432,0.019556,-0.032749,0.029289,-0.029756,-0.002736,-0.018337,-0.002185,0.002159
1991-05-28,0.004461,0.031216,-0.009064,0.033548,0.060021,0.052452,0.036213,0.002344,0.036333,0.017881
1991-06-28,0.004171,-0.028795,-0.076145,-0.099927,-0.097564,-0.093086,-0.099087,-0.088467,-0.050724,-0.066216
1991-07-28,0.00484,0.011101,0.026064,0.038107,0.028502,0.004661,0.055956,0.112145,0.041208,0.042054
1991-08-28,0.00461,0.006912,-0.059855,0.057087,0.00806,-0.034354,-0.005407,0.021103,0.018882,-0.008107
1991-09-28,0.004558,-0.030661,0.082766,0.054853,0.017133,-0.00293,0.006234,0.03332,-0.02227,0.021346
1991-10-28,0.004246,0.040064,0.038949,-0.020022,-0.027374,-0.045307,-0.006208,-0.029522,0.012244,0.011657
1991-11-28,0.003915,-0.028914,-0.074547,-0.029447,0.011923,0.047423,-0.014194,-0.051055,-0.045075,-0.047802
1991-12-28,0.003792,-0.000581,0.027826,0.084235,0.069204,0.039544,0.076144,0.081778,0.109632,0.068675
1992-01-28,0.003059,0.010215,-0.049397,-2.3e-05,0.003665,0.023011,0.004401,-0.013021,-0.020438,-0.021872
1992-02-28,0.002828,-0.011116,-0.086331,0.037434,0.022005,-0.016835,0.003869,-0.014001,0.00789,-0.020386
1992-03-28,0.003376,-0.058405,-0.111789,-0.015135,-0.025334,-0.060731,-0.019583,-0.059982,-0.022543,-0.050795
1992-04-28,0.003303,-0.016855,-0.064871,0.048438,-0.007928,0.008841,0.00852,0.116319,0.025205,0.010305
1992-05-28,0.002758,0.002391,0.077234,0.039569,0.060559,0.016265,0.072902,0.054352,0.000598,0.036696
1992-06-28,0.003201,2.6e-05,-0.094639,-0.017439,0.014204,-0.036126,0.02884,-0.041044,-0.019204,-0.037015
1992-07-28,0.002892,0.019614,-0.014342,-0.044732,-0.057676,-0.083896,0.01528,-0.040378,0.038067,-0.00067
1992-08-28,0.002605,-0.024513,0.174552,0.006636,-0.003349,0.005773,0.018857,-0.004991,-0.027297,0.02138
1992-09-28,0.002573,-0.07658,-0.026549,0.02903,-0.04149,-0.189952,0.077696,-0.020461,0.007552,-0.012065
1992-10-28,0.002286,0.022601,-0.048728,-0.085205,-0.071854,0.171214,-0.09295,-0.082072,0.003078,-0.029696
1992-11-28,0.002346,-0.047486,0.023486,-0.019176,-0.00869,-0.061281,-0.04397,0.010379,0.030161,0.015227
1992-12-28,0.00227,0.023878,-0.017055,0.02343,-0.018349,-0.01904,0.066024,0.040042,0.00805,0.005495
1993-01-28,0.002335,-0.021654,-0.005599,-0.028072,0.030315,0.089343,-0.012689,-0.024132,0.005765,0.000707
1993-02-28,0.002209,0.05335,0.041082,0.08463,0.049279,0.007505,-0.012172,-0.026601,0.01025,0.021178
1993-03-28,0.002538,0.024141,0.138136,0.043336,0.025687,-0.085051,0.061736,0.070701,0.017369,0.055142
1993-04-28,0.002372,0.032631,0.175366,-0.01672,-0.016204,0.213449,0.024169,0.027207,-0.025106,0.043696
1993-05-28,0.002168,0.012106,0.025372,-0.028055,-0.004918,0.024508,0.073453,0.005051,0.022714,0.020611
1993-06-28,0.002756,-0.009994,-0.01663,-0.017652,-0.035857,-0.02574,-0.002215,-0.013055,-0.000325,-0.011406
1993-07-28,0.002402,-0.009789,0.060928,0.009898,0.03065,0.013531,-0.006076,-0.005278,-0.004153,0.017937
1993-08-28,0.00253,0.004727,0.019277,0.084416,0.108872,0.120161,0.067187,0.067761,0.032914,0.043058
1993-09-28,0.002356,-0.05163,-0.049895,-0.011243,0.014401,-0.063055,0.03117,-0.013803,-0.012845,-0.021074
1993-10-28,0.00221,0.091257,-0.006766,0.006474,0.057254,-0.038,0.053722,0.037034,0.014724,0.025103
1993-11-28,0.002477,-0.025505,-0.168449,-0.033647,-0.026199,-0.107304,0.003899,0.002021,-0.009869,-0.059283
1993-12-28,0.002263,0.04308,0.029446,0.080875,0.055793,0.124676,0.078854,0.072555,0.00921,0.046422
1994-01-28,0.002503,0.060536,0.158944,0.036502,-0.031741,0.094575,0.08957,0.042366,0.033235,0.063216
1994-02-28,0.00212,-0.050964,0.043598,-0.021086,-0.020897,-0.010102,-0.060986,-0.051571,-0.030815,-0.015284
1994-03-28,0.002469,-0.045894,-0.045252,-0.048021,0.032154,0.15925,-0.014369,-0.069396,-0.046368,-0.045808
1994-04-28,0.002711,-0.013958,0.039909,0.041534,0.057214,0.10103,-0.016893,0.033633,0.010898,0.027964
1994-05-28,0.00315,0.008844,0.018737,-0.050205,-0.060934,-0.080889,-0.001943,-0.055439,0.012879,-0.000809
1994-06-28,0.003118,-0.067984,0.046196,-0.041793,-0.000192,-0.068893,0.006526,0.000352,-0.031803,-0.006129
1994-07-28,0.002751,0.043229,-0.038669,0.096013,0.046454,0.050594,-0.026001,0.051013,0.03045,0.016027
1994-08-28,0.003687,0.052766,0.003115,0.001519,0.033019,-0.023714,0.038042,0.053568,0.035126,0.026194
1994-09-28,0.003659,0.018517,-0.028351,-0.071368,-0.063015,-0.003288,-0.010406,-0.049812,-0.025341,-0.030161
1994-10-28,0.00384,-0.016426,0.023572,0.031777,0.051931,-0.056655,0.00552,0.054348,0.018603,0.024368
1994-11-28,0.003691,-0.059238,-0.05402,-0.014427,-0.056249,-0.072893,-0.025068,-0.047093,-0.038345,-0.04729
1994-12-28,0.00443,0.012534,0.007037,-0.03875,0.031552,0.014691,0.020367,-0.003258,0.009721,0.005009
1995-01-28,0.004156,-0.055319,-0.062486,-0.027588,-0.023147,0.063553,-0.01244,-0.019319,0.022915,-0.019415
1995-02-28,0.003983,0.050957,-0.052287,0.012711,0.080753,-0.093979,0.055697,0.001782,0.03496,0.010345
1995-03-28,0.004134,0.038273,0.087874,0.12756,-0.027095,-0.061319,0.059901,0.071281,0.0222,0.043814
1995-04-28,0.00445,0.012898,0.044341,0.005612,0.037885,0.09803,0.014547,0.009587,0.026495,0.030159
1995-05-28,0.005355,0.036143,-0.06739,0.005773,0.002937,-0.001954,0.041482,0.01791,0.033251,0.002959
1995-06-28,0.004714,0.012335,-0.052511,-0.021553,0.02353,-0.034227,0.02457,-0.003596,0.019466,-0.005257
1995-07-28,0.004522,0.013144,0.075058,0.041075,0.054659,0.073883,0.005566,0.051394,0.029029,0.045277
1995-08-28,0.004637,-0.004024,-0.044849,-0.068327,-0.058714,-0.028354,-0.029227,-0.02823,-0.004967,-0.027141
1995-09-28,0.004309,-0.008993,0.004164,-0.023209,0.009446,-0.014022,0.082255,0.025959,0.040142,0.024592
1995-10-28,0.004714,-0.013202,-0.060656,0.010598,-0.016932,-0.05237,0.037249,-0.005773,-0.005575,-0.020685
1995-11-28,0.004108,0.033067,0.055073,-0.009057,-0.002162,-0.059846,0.008473,0.001936,0.039468,0.030387
1995-12-28,0.004882,0.004508,0.046231,0.03732,0.025686,0.090888,0.034248,0.021614,0.009853,0.024132
1996-01-28,0.004278,0.047584,-0.017428,0.036323,0.038856,0.041103,-0.064471,-0.005783,0.031025,0.013596
1996-02-28,0.003908,-0.01283,-0.02172,0.007775,0.004942,-0.01358,0.040503,0.004257,0.006139,0.001969
1996-03-28,0.003943,0.015613,0.031341,0.025855,-0.007803,-0.043365,0.083563,-0.009449,0.005825,0.012483
1996-04-28,0.004579,0.036599,0.052266,0.013488,-0.041092,0.131908,-0.043752,0.014889,0.009843,0.01872
1996-05-28,0.003982,0.011803,-0.055454,-0.015094,0.010288,-0.00971,-0.037582,0.007707,0.022355,-0.003326
1996-06-28,0.004,-0.031435,0.001282,0.01396,0.016333,-0.000259,0.045644,-0.009844,0.001545,0.000848
1996-07-28,0.004497,-0.035116,-0.049287,-0.032389,-0.001712,-0.078592,-0.024726,0.002472,-0.048849,-0.040049
1996-08-28,0.004122,0.040512,-0.048825,-0.024783,0.018871,-0.012054,0.039219,0.047676,0.017895,0.007156
1996-09-28,0.004375,0.035241,0.030263,0.050735,0.002092,0.05959,-0.028547,0.018763,0.051275,0.034562
1996-10-28,0.004246,0.073991,-0.071348,0.0169,0.004847,-0.059607,-0.007237,0.043129,0.020975,0.002528
1996-11-28,0.003941,0.068817,0.015126,0.049061,0.035659,0.074973,0.004508,0.053039,0.071312,0.051893
1996-12-28,0.004404,-0.038944,-0.073538,0.00542,-0.001325,-0.002357,-0.024285,0.030239,-0.023654,-0.020617
1997-01-28,0.004014,0.045092,-0.112866,0.018446,-0.008356,0.101951,0.025836,-0.033409,0.064163,0.007842
1997-02-28,0.003788,-0.011762,0.019564,0.00128,0.0375,-0.109828,0.008663,0.027503,0.002983,0.007519
1997-03-28,0.00431,-0.054568,-0.037264,0.026559,0.069108,0.02056,0.053753,0.006242,-0.049373,-0.024286
1997-04-28,0.004313,0.019094,0.031947,-0.045036,-0.040364,0.00974,0.019877,0.014065,0.061243,0.028174
1997-05-28,0.004263,0.079278,0.106171,-0.012541,0.038026,-0.015502,0.070346,0.041441,0.052084,0.057269
1997-06-28,0.003744,0.013837,0.070984,0.079393,0.040259,0.090962,0.077791,0.010164,0.041559,0.045953
1997-07-28,0.004294,0.060722,-0.034769,0.012974,0.09338,0.053329,0.010636,0.042487,0.074522,0.04159
1997-08-28,0.004058,-0.056791,-0.090794,-0.079926,-0.103121,-0.030315,-0.097,-0.020402,-0.063656,-0.071119
1997-09-28,0.004576,0.053727,-0.019705,0.101254,0.072289,0.140174,0.0978,0.082138,0.047386,0.049572
1997-10-28,0.003911,-0.051196,-0.097069,-0.070822,-0.073903,-0.0645,-0.010018,-0.041872,-0.031409,-0.056711
1997-11-28,0.003773,-0.034158,-0.065157,0.017335,0.03077,0.020905,0.027552,0.001143,0.044406,0.013745
1997-12-28,0.004629,0.020633,-0.061861,0.03062,0.036732,0.06868,0.051204,0.033099,0.009916,0.00738
1998-01-28,0.004204,-0.022101,0.085009,0.031446,0.025883,0.086903,0.03387,0.04437,0.008445,0.023489
1998-02-28,0.003847,0.080942,0.001355,0.080184,0.059817,0.038229,0.091103,0.065504,0.066075,0.063628
1998-03-28,0.004485,0.070836,-0.072527,0.106935,0.062759,0.191864,0.017102,0.048324,0.04715,0.037578
1998-04-28,0.004308,0.000473,-0.008368,0.02822,0.032662,-0.024793,-0.009507,-0.002141,0.0072,0.005305
1998-05-28,0.003805,-0.015955,-0.058772,0.04813,0.076477,0.047934,0.039032,-0.040729,-0.024083,-0.016494
1998-06-28,0.004021,-0.044356,0.010017,0.019344,0.037883,-0.053748,-0.003869,0.011375,0.038741,0.019552
1998-07-28,0.003873,-0.07501,-0.017046,0.006269,0.019976,0.096252,0.06922,-0.023892,-0.013984,-0.005633
1998-08-28,0.004012,-0.222048,-0.118053,-0.118618,-0.168282,-0.145716,-0.160654,-0.076462,-0.143432,-0.137523
1998-09-28,0.003875,0.021907,-0.031182,-0.069424,-0.016925,-0.049702,-0.090654,-0.024263,0.061583,0.013632
1998-10-28,0.003353,0.097855,0.164343,0.09991,0.03843,0.061606,0.14175,0.057592,0.073793,0.08687
1998-11-28,0.003233,0.03346,0.042485,0.059568,0.048511,0.099927,0.046111,0.041458,0.064448,0.056074
1998-12-28,0.003779,0.007387,0.034912,0.037541,0.021004,0.078215,0.028599,0.027812,0.055009,0.044917
1999-01-28,0.003494,0.079348,0.003752,0.025529,0.013048,-0.055829,-0.026942,-0.013839,0.03941,0.018251
1999-02-28,0.003372,-0.0604,-0.025322,-0.068905,-0.085932,-0.018029,-0.035945,0.018821,-0.031596,-0.030121
1999-03-28,0.004076,0.037085,0.134621,0.01444,-0.03119,0.034581,-0.015251,0.027098,0.037194,0.037406
1999-04-28,0.003784,0.097887,0.037954,0.022419,0.061133,-0.033853,-0.006443,0.034904,0.03209,0.03549
1999-05-28,0.003463,-0.031013,-0.059824,-0.026725,-0.064275,-0.057155,-0.054024,-0.058839,-0.027027,-0.040145
1999-06-28,0.004098,0.037525,0.090551,0.025999,0.051462,-0.027052,-0.020513,-0.00148,0.049388,0.042395
1999-07-28,0.003658,0.00353,0.096177,0.001693,-0.01967,-0.035875,0.035733,0.011497,-0.036361,-0.006799
1999-08-28,0.003876,-0.0201,-0.010868,0.032472,0.013442,0.018202,-0.005052,-0.007755,-0.010499,-0.005797
1999-09-28,0.003705,0.025143,0.056966,0.00658,-0.01718,0.016626,-0.006097,-0.01985,-0.033691,-0.013544
1999-10-28,0.003581,0.063645,0.039282,0.051543,0.050548,-0.034446,0.01462,0.025637,0.061516,0.048255
1999-11-28,0.003811,0.036449,0.03906,0.029204,0.023951,0.019938,-0.011503,0.008523,0.017342,0.024185
1999-12-28,0.003764,0.141165,0.05829,0.110351,0.167485,0.141313,0.017395,0.053271,0.065689,0.077046
2000-01-28,0.004343,-0.001298,-0.047663,-0.070513,-0.03913,-0.055696,-0.114229,-0.095933,-0.058171,-0.061734
2000-02-28,0.004295,0.055346,-0.03023,0.085344,0.100147,0.117997,-0.026563,-0.035878,-0.02835,-0.001727
2000-03-28,0.004377,0.084937,0.078077,0.006553,-0.02046,-0.06733,0.076438,0.069305,0.095155,0.064608
2000-04-28,0.004595,-0.04134,-0.079801,-0.03752,-0.091168,-0.069947,-0.038897,-0.046317,-0.037208,-0.047003
2000-05-28,0.004782,-0.023608,-0.055692,0.022124,-0.03589,0.038977,0.05015,-0.038557,-0.031503,-0.03023
2000-06-28,0.003744,0.121841,0.064998,0.034108,-0.00668,0.06413,0.034694,0.00557,0.01997,0.029797
2000-07-28,0.004772,0.025511,-0.119945,-0.021004,-0.008561,-0.04678,-0.001596,0.002006,-0.022927,-0.033054
2000-08-28,0.005002,0.082822,0.059728,-0.029298,-0.051007,-0.018117,-0.027525,0.005605,0.046707,0.02739
2000-09-28,0.005093,-0.106142,-0.054793,-0.068772,-0.057372,-0.063291,-0.060178,-0.032494,-0.059751,-0.058396
2000-10-28,0.005217,-0.092669,-0.063222,-0.029093,0.00202,0.018449,0.003426,0.001849,-0.012619,-0.022108
2000-11-28,0.005271,-0.094974,-0.046833,-0.051708,-0.07878,0.0141,0.036613,-0.06409,-0.084534,-0.066123
2000-12-28,0.004909,0.016819,-0.065738,0.073863,0.080005,0.016766,0.087382,0.063481,-0.006773,0.011122
2001-01-28,0.005243,0.043853,-0.016697,-0.002599,0.033063,0.013419,-0.025683,-0.02026,0.031101,0.014442
2001-02-28,0.003653,-0.162958,-0.048218,-0.115004,-0.085198,-0.102913,-0.068918,-0.071113,-0.093512,-0.088256
2001-03-28,0.00432,-0.096412,-0.036617,-0.073175,-0.108343,-0.066014,-0.104174,-0.052024,-0.068199,-0.070708
2001-04-28,0.003864,0.068043,0.064415,0.086838,0.062316,0.047421,0.017291,0.059559,0.0739,0.069547
2001-05-28,0.003183,0.015122,-0.005078,-0.072983,-0.071471,-0.093379,-0.016088,-0.036419,0.002079,-0.017166
2001-06-28,0.002778,-0.041758,-0.06196,-0.043141,-0.009519,-0.051386,-0.042338,-0.036186,-0.02554,-0.034196
2001-07-28,0.002434,-0.006524,-0.076427,0.002982,0.002475,0.020439,-0.011184,0.000198,-0.011989,-0.015374
